date,spot_avg,spot_max,qty_arrived,qty_sold,n_sessions
2014-11-07,765.73,958.0,109975.0,109076.0,1
2015-01-14,861.93,1130.0,76699.0,76699.0,1
2015-05-01,706.6245751910258,928.0,31117.0,30755.0,2
2015-05-02,681.104290239293,990.0,82457.0,75138.0,2
2015-05-04,673.6159615838778,964.0,39221.0,38109.0,2
2015-05-05,688.4101354935543,952.0,98201.0,97274.0,2
2015-05-06,683.0640637184486,947.0,60247.0,58476.0,2
2015-05-07,671.5249613437463,972.0,102759.0,101924.0,2
2015-05-08,673.2117879798701,925.0,52304.0,51863.0,2
2015-05-09,661.6213368338979,915.0,82661.0,82082.0,2
2015-05-11,653.8114940537134,934.0,48609.0,50788.0,2
2015-05-12,683.131062896961,924.0,120424.0,119974.0,2
2015-05-13,659.0775320960553,939.0,62029.0,60132.0,2
2015-05-14,642.1882171024034,939.0,113087.0,112721.0,2
2015-05-15,640.2517809774381,934.0,60058.0,55492.0,2
2015-05-16,611.111555028605,866.0,90234.0,86873.0,2
2015-05-18,627.98,922.0,18494.0,18410.0,1
2015-05-19,651.3311317819938,938.0,98535.0,97722.0,2
2015-05-20,650.5820621950274,895.0,51868.0,51644.0,2
2015-05-21,661.8411536922154,931.0,100508.0,99940.0,2
2015-05-22,640.8228385046019,964.0,42991.0,42156.0,2
2015-05-23,630.6704734817482,1002.0,73607.0,73308.0,2
2015-05-25,664.29,914.0,10455.0,10455.0,1
2015-05-26,685.3843984308203,960.0,99483.0,99415.0,2
2015-05-27,701.051580720186,905.0,62345.0,62345.0,2
2015-05-28,675.7031585643853,922.0,94315.0,94315.0,2
2015-05-29,667.0316587842236,913.0,71309.0,69141.0,2
2015-05-30,656.005538065879,923.0,89385.0,87099.0,2
2015-06-01,663.35,887.0,14799.0,14321.0,1
2015-06-02,670.9020586984262,937.0,118217.0,117550.0,2
2015-06-03,650.7540407480432,972.0,68643.0,66948.0,2
2015-06-04,639.4068510448478,943.0,87750.0,87429.0,2
2015-06-05,623.3480557043385,844.0,42114.0,39207.0,2
2015-06-06,622.6201173088649,954.0,69884.0,68878.0,2
2015-06-08,639.9743676509398,885.5,34210.0,34103.0,2
2015-06-09,670.7279419612363,936.0,94453.0,93696.0,2
2015-06-10,665.5027721462412,936.0,55935.0,55935.0,2
2015-06-11,663.911604255374,930.0,77737.0,77737.0,2
2015-06-12,662.1351273831617,852.0,35646.0,35562.0,2
2015-06-13,661.6688743370174,1000.0,68599.0,67498.0,2
2015-06-15,649.52,865.0,16118.0,15102.0,1
2015-06-16,655.2429845655619,1006.0,117306.0,116104.0,2
2015-06-17,658.69,940.0,17612.0,17612.0,1
2015-06-18,631.12,903.0,32465.0,31724.0,1
2015-06-19,637.2308124067628,951.0,32840.0,32176.0,2
2015-06-20,635.3022491964272,999.0,61959.0,61911.0,2
2015-06-22,645.2145083225477,864.0,33412.0,33223.0,2
2015-06-23,680.5509796524365,995.0,82330.0,82172.0,2
2015-06-24,686.027146110751,1176.0,60256.0,60153.0,2
2015-06-25,686.127028846154,963.0,68736.0,68640.0,2
2015-06-26,697.6658956922804,1050.0,35238.0,33823.0,2
2015-06-27,698.3190823209861,998.0,68316.0,67006.0,2
2015-06-29,691.8528711709645,912.0,40275.0,39207.0,2
2015-06-30,688.4764817115253,1009.0,102555.0,101430.0,2
2015-07-01,673.7220014815813,982.0,75714.0,74245.0,2
2015-07-02,663.0172846571697,907.0,72164.0,72164.0,2
2015-07-03,657.3824654936508,958.0,43967.0,41659.0,2
2015-07-04,651.1339009679388,942.0,71098.0,68806.0,2
2015-07-06,643.917837124154,990.0,46604.0,45065.0,2
2015-07-07,639.91900215058,1001.0,103396.0,101368.0,2
2015-07-08,654.5772612052289,918.0,56733.0,55309.0,2
2015-07-09,648.1768540736607,965.0,86016.0,86016.0,2
2015-07-10,636.2618941116771,1019.0,56129.0,53207.0,2
2015-07-11,628.0593771001948,976.0,78732.0,76481.0,2
2015-07-13,638.4744258339814,994.0,51917.0,50151.0,2
2015-07-14,645.0217486540306,998.0,108670.0,108472.0,2
2015-07-15,656.0636029411763,928.0,81252.0,79696.0,2
2015-07-16,639.32,913.0,44262.0,44262.0,1
2015-07-17,659.99,890.0,37262.0,36862.0,1
2015-07-20,624.7070540829376,960.0,59086.0,57079.0,2
2015-07-21,628.0793346864357,980.0,119967.0,116276.0,2
2015-07-22,626.8188909563222,942.0,84894.0,82765.0,2
2015-07-23,627.8436924439197,1031.0,102033.0,101640.0,2
2015-07-24,630.8939197021261,914.0,60682.0,59354.0,2
2015-07-25,627.6219221534611,977.0,91568.0,88713.0,2
2015-07-27,627.4698320189967,951.0,70059.0,68222.0,2
2015-07-28,631.1980793962289,967.0,132547.0,128923.0,2
2015-07-29,619.0288804817443,918.0,91945.0,89342.0,2
2015-07-30,622.9250568961204,955.0,115913.0,115913.0,2
2015-07-31,622.5545269943594,916.0,83436.0,80665.0,2
2015-08-01,609.185611639631,933.0,99953.0,96601.0,2
2015-08-03,634.46,926.0,37010.0,36718.0,1
2015-08-04,636.6629935848549,952.0,134805.0,133746.0,2
2015-08-05,639.6445550684821,908.0,99329.0,99004.0,2
2015-08-06,643.5051324818597,1010.0,122025.0,121828.0,2
2015-08-07,637.5107470637714,920.0,97227.0,96297.0,2
2015-08-08,637.1698526782523,948.0,113715.0,111864.0,2
2015-08-10,638.6058871869345,893.0,88487.0,86763.0,2
2015-08-11,651.5216498564985,958.0,158737.0,158535.0,2
2015-08-12,651.3183831740707,952.0,123824.0,122858.0,2
2015-08-13,644.5793564043048,942.0,151648.0,151648.0,2
2015-08-14,642.6640024967785,920.0,127187.0,124160.0,2
2015-08-17,615.39,853.0,47610.0,46504.0,1
2015-08-18,634.7343039396352,968.0,190104.0,183418.0,2
2015-08-19,629.0161842779036,1002.0,125663.0,121078.0,2
2015-08-20,615.9736283335526,912.0,160426.0,159627.0,2
2015-08-21,612.0931588066339,887.0,109682.0,107930.0,2
2015-08-22,610.388033359781,940.0,115567.0,112171.0,2
2015-08-24,620.6729494144494,907.0,88134.0,86329.0,2
2015-08-25,632.8744795622212,953.0,156797.0,156426.0,2
2015-08-26,648.8699999999999,898.0,56565.0,56565.0,1
2015-08-29,656.63,921.0,63377.0,63016.0,1
2015-08-31,650.7276127970534,951.0,104493.0,102086.0,2
2015-10-01,651.8256526183322,943.0,197498.0,194685.0,2
2015-10-03,636.4069883441892,942.0,154242.0,140016.0,2
2015-10-05,622.5023631701188,901.0,123805.0,115819.0,2
2015-10-06,647.4942151500929,1033.0,199633.0,196012.0,2
2015-10-07,630.8479811585553,901.0,131425.0,123982.0,2
2015-10-08,630.6657905134397,930.0,151185.0,150339.0,2
2015-10-09,617.4912661222106,949.0,143158.0,133589.0,2
2015-10-10,623.3946814207421,895.0,124782.0,119515.0,2
2015-10-12,619.267807775378,949.0,110955.0,108342.0,2
2015-10-13,631.6693885635859,950.0,187258.0,166853.0,2
2015-10-14,613.1178012906547,888.0,111656.0,108782.0,2
2015-10-15,618.83,926.0,86807.0,86807.0,1
2015-10-16,616.5662525109886,915.0,103993.0,100558.0,2
2015-10-17,601.3312256479261,975.0,108089.0,102558.0,2
2015-10-19,599.9574204543327,855.0,113416.0,106794.0,2
2015-10-20,600.3931191788633,963.0,199541.0,184135.0,2
2015-10-22,624.130093891576,921.0,137073.0,137073.0,2
2015-10-23,623.912854602295,876.0,54334.0,53419.0,2
2015-10-24,594.3351066243195,940.0,92808.0,88160.0,2
2015-10-26,594.5114860455218,862.0,103175.0,98678.0,2
2015-10-27,601.6819120774943,906.0,166213.0,164554.0,2
2015-10-28,589.11,876.0,35674.0,35464.0,1
2015-10-29,611.701001624626,928.0,175982.0,175425.0,2
2015-10-30,589.44317962231,984.0,86621.0,84249.0,2
2015-10-31,597.7189847635899,895.0,104885.0,101730.0,2
2015-11-02,597.4144813133078,901.0,116887.0,114520.0,2
2015-11-03,624.4279108973478,937.0,182166.0,181925.0,2
2015-11-04,620.8454848988513,900.0,109505.0,108899.0,2
2015-11-05,608.8101130425509,912.0,168786.0,168786.0,2
2015-11-06,603.2832353127013,928.0,80321.0,79133.0,2
2015-11-07,620.5869194179754,925.0,138275.0,128242.0,2
2015-11-11,649.42,871.0,70253.0,69485.0,1
2015-11-12,617.0237443593848,1101.0,139617.0,138726.0,2
2015-11-13,636.49,847.0,20923.0,19509.0,1
2015-11-14,610.7892649379708,900.0,211125.0,200228.0,3
2015-11-16,572.92,750.0,67046.0,65569.0,1
2015-11-18,584.5846688520942,855.0,150475.3,140231.9,2
2015-11-19,585.3803404076298,907.0,204900.3,200618.3,2
2015-11-20,585.2715562019214,896.0,72989.8,72095.4,2
2015-11-21,597.5369553441683,938.0,118567.5,104600.0,2
2015-11-23,608.7987776678166,984.0,118526.7,118526.7,2
2015-11-24,626.211999556874,926.0,206957.4,203102.5,2
2015-11-25,613.3716619809088,849.0,92660.79999999999,89989.0,2
2015-11-26,630.4454559817498,963.0,201465.3,201465.3,2
2015-11-27,619.6296326094554,924.0,106676.6,106145.90000000001,2
2015-11-28,620.7687150892582,917.0,141955.1,137124.7,2
2015-11-30,614.3738464568854,933.0,137678.2,137072.9,2
2015-12-01,614.7588384504302,936.0,259104.0,238905.0,2
2015-12-02,608.2165751458762,848.0,127394.8,121524.3,2
2015-12-03,603.734765529094,951.0,212607.0,211796.0,2
2015-12-04,587.1473299453218,900.5,108907.0,105233.8,2
2015-12-05,600.2746336504853,920.0,118809.3,109148.5,2
2015-12-07,600.9345697151665,916.0,101913.6,99517.8,2
2015-12-08,604.3857785935136,969.0,209156.7,192600.5,2
2015-12-09,598.1447507238062,892.0,106014.1,102133.7,2
2015-12-10,599.8872120732137,907.0,182089.7,181698.09999999998,2
2015-12-11,573.24,855.0,16090.2,13615.3,1
2015-12-12,598.1347836421872,861.0,126043.9,118761.6,2
2015-12-14,569.74,809.0,63601.2,60703.1,1
2015-12-15,595.3962658534097,925.0,213917.0,204806.1,2
2015-12-16,585.2023648313279,863.0,129148.9,122696.7,2
2015-12-17,600.0824301726203,878.0,190759.7,190759.7,2
2015-12-18,585.6639184192214,823.0,89758.7,86944.5,2
2015-12-19,591.9791713386898,901.0,115045.40000000001,111193.8,2
2015-12-21,571.9544645968762,876.0,126052.20000000001,120343.9,2
2015-12-22,581.18718354721,963.0,225339.0,206895.0,2
2015-12-23,572.3927249235765,869.0,127934.8,116521.8,2
2015-12-24,586.1693182509551,936.0,170404.7,169624.0,2
2015-12-26,577.89,878.0,67737.8,62779.5,1
2015-12-28,571.4615148388539,833.0,90104.1,87712.3,2
2015-12-29,576.2602282683883,947.0,180476.8,173913.7,2
2015-12-30,586.3531529126059,854.0,84631.6,78649.5,2
2015-12-31,601.4558857420327,970.0,149440.3,148278.5,2
2016-01-01,589.4653863489344,899.0,97786.5,95224.79999999999,2
2016-01-02,596.1092997240675,953.0,101472.4,99190.9,2
2016-01-04,590.5814752339685,904.0,106529.3,102909.1,2
2016-01-05,604.7994785142738,969.0,197600.3,196009.2,2
2016-01-06,615.2444813221285,865.0,126486.0,123624.9,2
2016-01-07,614.4659594580478,966.0,165444.59999999998,164649.2,2
2016-01-08,605.856501043906,923.0,119219.59999999999,116246.1,2
2016-01-09,605.1678804614746,1010.0,123129.90000000001,117076.9,2
2016-01-11,581.6401999091681,889.0,134248.09999999998,126387.4,2
2016-01-12,599.6814554765793,952.0,235763.0,211611.1,2
2016-01-13,589.2120383287684,901.0,128756.29999999999,119205.5,2
2016-01-14,595.711425873482,951.0,174907.09999999998,173412.3,2
2016-01-18,562.3625267564694,889.0,78056.70000000001,69151.5,2
2016-01-19,579.4966328273002,949.0,160123.90000000002,148751.8,2
2016-01-20,567.54441359283,874.0,112087.7,91736.6,2
2016-01-21,585.8748085131517,990.0,130005.6,126980.0,2
2016-01-22,554.5583281959797,898.0,88478.3,78477.5,2
2016-01-23,568.3752834927795,899.0,101726.79999999999,91012.90000000001,2
2016-01-25,577.8899809442908,978.0,90502.3,87113.0,2
2016-01-27,572.0343351094571,898.0,92461.0,88244.6,2
2016-01-28,582.9077908344474,929.0,149456.8,148183.1,2
2016-01-29,561.3571200762684,859.0,90214.9,81396.6,2
2016-01-30,579.7658604229777,907.0,109441.59999999999,100222.8,2
2016-02-01,563.5921128444719,895.0,105535.3,99101.0,2
2016-02-02,556.6181767737769,949.0,215274.0,200690.4,2
2016-02-03,534.4415669239144,880.0,99228.0,86440.7,2
2016-02-04,552.9116484409332,909.0,162039.1,158155.5,2
2016-02-05,528.0855943252309,913.0,84567.1,74138.7,2
2016-02-06,541.859404223765,855.0,100922.2,95478.79999999999,2
2016-02-08,547.0178378314126,901.0,87182.29999999999,84128.5,2
2016-02-09,558.9964535344562,962.0,153487.40000000002,150634.2,2
2016-02-10,544.7978861338028,881.0,80371.9,76863.9,2
2016-02-11,583.7368917877709,906.0,128244.20000000001,127190.79999999999,2
2016-02-12,540.7695260029984,863.0,88667.1,83711.5,2
2016-02-13,563.4007750887413,891.0,110336.79999999999,106771.0,2
2016-02-15,559.1892870192622,902.0,106406.2,103559.6,2
2016-02-16,577.0902675672928,948.0,160895.3,156454.1,2
2016-02-17,573.7441507891945,907.0,95144.6,82102.70000000001,2
2016-02-18,568.1174152789495,959.0,150228.3,147460.40000000002,2
2016-02-19,540.533083788821,900.0,89322.4,82841.6,2
2016-02-20,572.7336675844687,950.0,120149.5,105142.5,2
2016-02-22,537.9502493535986,864.0,107179.79999999999,101987.7,2
2016-02-23,551.4824741576689,954.0,159733.5,151205.40000000002,2
2016-02-24,551.95,802.0,47355.6,44642.7,1
2016-02-25,560.1629074641063,982.0,162175.59999999998,161476.8,2
2016-02-26,538.7524275845851,857.0,87704.8,85047.5,2
2016-02-27,557.9683718475217,950.0,108300.2,106095.1,2
2016-02-29,539.971553791364,940.0,110302.0,103528.70000000001,2
2016-03-01,562.3554948006824,950.0,156414.5,153375.9,2
2016-03-02,556.4137100187288,905.0,93720.1,90448.6,2
2016-03-03,557.2664960496878,941.0,171716.90000000002,168379.1,2
2016-03-04,526.3433921395263,852.0,113441.4,108917.1,2
2016-03-05,545.5097846337366,897.0,110011.0,98752.7,2
2016-03-07,532.4181201710446,896.0,105806.29999999999,102312.5,2
2016-03-08,544.8455492585317,1074.0,168324.2,157323.0,2
2016-03-09,533.9442916907428,897.0,94543.5,87223.2,2
2016-03-10,532.7415002121244,904.0,151071.3,148026.4,2
2016-03-11,495.3360934373094,940.0,86864.6,79351.6,2
2016-03-12,526.6680347488413,884.0,100278.59999999999,91778.6,2
2016-03-14,529.4696547095555,954.0,93963.6,90964.0,2
2016-03-15,528.7670424900451,1100.0,149806.5,147917.0,2
2016-03-16,529.9314187822441,882.0,89820.2,88640.1,2
2016-03-17,529.5821978740657,913.0,149621.4,149082.7,2
2016-03-18,512.5628727861113,848.0,89658.70000000001,84545.79999999999,2
2016-03-19,520.0768749784878,936.0,121819.5,119117.9,2
2016-03-21,506.8448194650574,907.0,107932.3,104168.2,2
2016-03-22,533.2203012188976,1106.0,158944.5,158323.4,2
2016-03-23,534.74,821.0,36001.5,35885.4,1
2016-03-24,541.1650046397788,980.0,135464.0,133519.3,2
2016-03-28,554.3958727359626,884.0,85626.4,84947.8,2
2016-03-29,559.8251358845475,1110.0,143383.1,143103.1,2
2016-03-31,560.8293528234628,950.0,126000.7,125478.9,2
2016-04-01,558.6112170895866,924.0,110426.09999999999,107644.5,2
2016-04-02,606.5605284355125,937.0,98760.20000000001,98275.0,2
2016-04-04,648.8,1188.0,40082.0,40082.0,1
2016-04-05,633.6962297200641,1202.0,182502.1,178119.4,2
2016-04-06,631.7354222691425,964.0,112544.9,108173.9,2
2016-04-07,607.0263776098001,997.0,146841.1,144000.5,2
2016-04-08,589.3970672722464,951.0,124044.4,120986.0,2
2016-04-09,601.1073034405382,911.0,139641.4,127901.5,2
2016-04-11,613.05,1003.0,67762.2,67597.6,1
2016-04-12,608.4525023095221,974.0,200154.1,186402.2,2
2016-04-13,633.3516310051382,953.0,95382.9,95382.9,2
2016-04-15,653.215317854234,957.0,98200.6,96991.0,2
2016-04-16,657.1361430587029,1089.0,121622.79999999999,121622.79999999999,2
2016-04-18,677.44,1003.0,70340.0,69632.1,1
2016-04-19,660.9194472768838,1029.0,214590.0,205064.7,2
2016-04-20,647.5316394845916,1051.0,135235.1,133059.5,2
2016-04-21,652.1739995737951,1148.0,172726.3,172217.59999999998,2
2016-04-22,635.7191462644307,1031.0,127392.6,122057.7,2
2016-04-23,656.256014322137,1232.0,144388.7,140453.9,2
2016-04-25,681.12,1201.0,68342.0,64336.0,1
2016-04-26,661.4937840409679,1044.0,192828.0,176548.3,2
2016-04-27,671.8104697379395,1544.0,101845.8,99038.2,2
2016-04-28,671.7896738218748,1027.0,130431.8,130431.8,2
2016-04-29,666.1495990128186,1147.5,83341.7,81444.0,2
2016-04-30,723.4394449533387,1043.0,128690.6,126636.2,2
2016-05-02,700.0603995703761,1058.0,108120.0,98691.0,2
2016-05-03,711.3319486770555,1192.0,166139.7,163026.5,2
2016-05-04,731.3480731546642,1059.0,108501.5,105196.29999999999,2
2016-05-05,727.9721263140121,1115.0,117462.70000000001,117264.9,2
2016-05-06,695.3313960590754,1194.0,84062.9,77799.0,2
2016-05-07,715.6077712973968,1030.0,119447.4,113436.4,2
2016-05-09,670.8805189315858,1210.0,82410.79999999999,73057.8,2
2016-05-10,695.0915671983872,1197.0,116117.7,108641.0,2
2016-05-11,669.9392213985051,1022.0,88144.7,79396.20000000001,2
2016-05-12,681.2043506814724,1083.0,94990.79999999999,90766.70000000001,2
2016-05-13,651.9640877494435,986.0,61227.7,51214.0,2
2016-05-14,681.5391714735593,1169.0,71761.40000000001,64334.7,2
2016-05-17,694.7626235020479,1249.0,68275.0,67241.8,2
2016-05-19,707.6959511838128,1025.0,67878.4,66408.3,2
2016-05-20,673.8493435336353,1041.0,49898.9,46796.0,2
2016-05-21,688.0128472789766,1038.0,72980.0,65462.5,2
2016-05-23,708.062565352803,1046.0,49733.7,47006.4,2
2016-05-24,718.0801542068542,1063.0,107975.4,103815.1,2
2016-05-25,703.3861278628563,1100.0,90584.1,89237.8,2
2016-05-26,701.0920955642291,1051.0,102027.0,95257.4,2
2016-05-27,651.3441692641367,1036.0,68309.0,54636.5,2
2016-05-28,668.3719014095757,997.0,88827.20000000001,81379.1,2
2016-05-30,701.6453699362401,1134.0,68202.0,62108.0,2
2016-05-31,690.5125450541642,1025.0,116635.2,110894.29999999999,2
2016-06-01,684.74,1101.0,35291.0,34888.8,1
2016-06-02,698.9071949751786,1033.0,90177.1,86578.2,2
2016-06-03,667.6021267879091,1056.0,45578.399999999994,39298.7,2
2016-06-04,684.5783681046019,1054.0,68720.6,64564.8,2
2016-06-06,718.1098274505542,1177.0,57396.5,53381.8,2
2016-06-07,720.5321743363553,1061.0,116667.8,115445.79999999999,2
2016-06-08,718.88,1078.0,50795.4,49280.4,1
2016-06-09,705.2885166508123,1060.0,107761.0,106805.6,2
2016-06-10,670.26,1053.0,28954.6,28426.7,1
2016-06-11,729.7726471364958,1062.0,90935.79999999999,87850.4,2
2016-06-13,725.9649319568058,1072.0,68075.2,64054.9,2
2016-06-14,742.7979095990538,1075.0,132964.6,128166.8,2
2016-06-15,731.7067033746386,1117.0,87500.1,86575.2,2
2016-06-16,761.3109952220951,1091.0,100148.5,100148.5,2
2016-06-17,746.051229596155,1107.0,71580.3,67934.5,2
2016-06-18,769.7123469061119,1139.0,93222.6,92157.5,2
2016-06-20,825.3674235301464,1206.0,67634.5,67261.79999999999,2
2016-06-21,807.7111126814292,1292.0,145037.7,142080.2,2
2016-06-22,798.9268881866707,1157.0,105224.9,102722.1,2
2016-06-23,772.8420252514331,1141.0,107931.20000000001,105902.9,2
2016-06-24,758.389888666271,1127.0,61956.8,54053.7,2
2016-06-25,771.1292176099657,1109.0,89841.70000000001,82796.3,2
2016-06-27,776.7947292338486,1151.0,64450.299999999996,55756.6,2
2016-06-28,782.7420171866723,1252.0,87406.7,82319.6,2
2016-06-29,786.3042285561049,1142.0,71300.1,70106.2,2
2016-06-30,746.2736179924503,1155.0,62043.8,62043.8,2
2016-07-01,746.8074113833026,1285.0,53196.600000000006,50340.399999999994,2
2016-07-02,783.4414824137697,1142.0,67901.3,66145.5,2
2016-07-04,790.7323744720787,1134.0,45825.9,38997.3,2
2016-07-05,797.4366867371737,1256.0,79594.3,73657.0,2
2016-07-07,783.8969164376687,1151.0,47166.7,47016.4,2
2016-07-08,803.1019629536128,1110.0,41613.1,40403.4,2
2016-07-09,812.0189287707212,1148.0,77276.2,71502.9,2
2016-07-11,782.2080360371019,1127.0,48057.5,42262.0,2
2016-07-12,803.8749107847647,1217.0,96700.4,94759.6,2
2016-07-13,801.014595203359,1200.0,80767.29999999999,80402.1,2
2016-07-14,795.7798992253893,1135.0,70064.70000000001,69144.4,2
2016-07-15,806.5300296339534,1162.0,58795.3,53452.2,2
2016-07-16,800.0586552228563,1170.0,98001.3,87569.90000000001,2
2016-07-18,787.1320174134435,1031.0,47579.600000000006,42105.4,2
2016-07-19,797.9902128010484,1200.0,101247.4,89736.4,2
2016-07-20,797.4600181124302,1111.0,72549.3,69123.79999999999,2
2016-07-21,792.0419484226513,1140.0,69873.5,68735.6,2
2016-07-22,775.8529012371179,1042.0,59638.1,50835.899999999994,2
2016-07-23,781.9908577302292,1099.0,69466.3,60803.5,2
2016-07-25,797.4720907933099,1086.0,29773.8,28502.100000000002,2
2016-07-26,803.0797930682667,1193.0,83897.1,79195.2,2
2016-07-27,813.3425512596008,1122.0,65201.1,61388.5,2
2016-07-28,807.0026622417176,1121.0,70887.9,69304.0,2
2016-07-29,794.2058740386279,1114.0,60964.6,49694.6,2
2016-07-30,786.6883292000393,1192.0,67524.4,57944.100000000006,2
2016-08-01,814.3740406055331,1101.0,43392.5,35492.7,2
2016-08-02,810.5869198664441,1190.0,106305.5,102788.4,2
2016-08-03,806.4153200541786,1176.0,89717.3,82615.7,2
2016-08-04,808.143103125797,1109.0,67590.7,63516.6,2
2016-08-05,781.7065776572251,1068.0,54871.5,43650.8,2
2016-08-06,804.153890541771,1181.0,63407.9,59962.6,2
2016-08-08,818.8924149862713,1137.0,33244.3,33032.9,2
2016-08-10,877.6830821277391,1222.0,89372.9,88234.5,2
2016-08-11,898.362895970859,1216.0,60788.0,60670.5,2
2016-08-12,899.658022930549,1202.0,53230.299999999996,53230.299999999996,2
2016-08-13,937.9056419809115,1250.0,58047.3,57951.100000000006,2
2016-08-16,973.849834833195,1348.0,112098.29999999999,109876.8,2
2016-08-17,1044.964298906714,1428.0,79654.7,78908.9,2
2016-08-18,1026.135004626019,1495.0,77640.5,77064.1,2
2016-08-19,953.5639548196177,1333.5,79747.4,69003.4,2
2016-08-20,961.124289793278,1295.0,74523.2,62760.6,2
2016-08-22,953.6151235954618,1282.0,57367.7,51191.2,2
2016-08-23,984.1682431763343,1407.0,111932.2,105225.7,2
2016-08-24,987.3976552426196,1407.0,81722.5,71612.1,2
2016-08-25,922.1758213623201,1254.0,74000.6,70726.4,2
2016-08-26,952.1273345456356,1208.0,43416.7,34149.9,2
2016-08-27,981.9186287865094,1301.0,72003.0,63072.6,2
2016-08-29,967.7828334068226,1314.0,45057.8,39915.2,2
2016-08-30,970.8959650821793,1304.0,138079.2,124429.29999999999,2
2016-08-31,974.7091710198075,1264.0,114405.5,103622.5,2
2016-09-01,947.4881863295328,1334.0,72476.6,71093.4,2
2016-09-02,917.3947832226553,1316.0,76050.6,66213.1,2
2016-09-03,922.0137128197694,1306.0,80243.2,57944.1,2
2016-09-05,930.4324432015658,1325.0,58723.600000000006,46898.3,2
2016-09-06,894.7655330094582,1325.0,139623.7,127127.20000000001,2
2016-09-07,888.9590846847071,1227.0,111418.1,96438.9,2
2016-09-08,927.2344713588286,1278.0,69895.3,66304.9,2
2016-09-09,947.14,1236.0,19327.2,16823.5,1
2016-09-10,939.4936922060881,1256.0,62014.1,57992.700000000004,2
2016-09-13,990.6932554484523,1331.0,115466.0,108420.7,2
2016-09-15,1013.7505183072218,1260.0,57439.3,57247.9,2
2016-09-17,990.05,1306.0,66058.5,64782.6,1
2016-09-19,993.4592333192671,1263.0,82820.9,75594.7,2
2016-09-20,995.2065276233535,1308.0,149565.8,141025.6,2
2016-09-21,995.9711827837019,1272.0,125338.1,121893.79999999999,2
2016-09-22,973.2760434219954,1228.0,109398.70000000001,108028.2,2
2016-09-23,947.2226503641809,1212.0,90977.6,81525.4,2
2016-09-24,939.0060499201038,1317.0,96850.29999999999,86862.79999999999,2
2016-09-26,978.2363223446024,1252.0,77098.9,70599.6,2
2016-09-27,967.0895064270239,1244.0,148568.5,142406.5,2
2016-09-28,957.5354162917644,1203.0,117746.7,104805.1,2
2016-09-29,975.1180642005088,1262.0,118014.9,115083.20000000001,2
2016-09-30,946.4244524927133,1174.0,83739.9,72838.3,2
2016-10-01,959.6944106522766,1224.0,89796.90000000001,78127.9,2
2016-10-03,955.4622864528376,1177.0,87877.79999999999,79228.4,2
2016-10-04,985.6142951904995,1210.0,128642.3,124220.8,2
2016-10-05,958.0895212158078,1167.0,103713.4,100279.0,2
2016-10-06,973.0871217767178,1201.0,127939.3,127471.0,2
2016-10-07,958.6659911468408,1190.0,82644.6,77893.1,2
2016-10-08,987.7325339711853,1197.0,94509.5,89885.0,2
2016-10-11,1032.6783990358276,1225.0,154753.7,153872.9,2
2016-10-12,1033.2020204618718,1235.0,107424.0,106432.1,2
2016-10-13,1046.2917352439015,1269.0,124335.7,123055.9,2
2016-10-14,998.9561920154981,1252.0,77975.6,71027.6,2
2016-10-15,1015.8821137854004,1255.0,100158.6,94409.3,2
2016-10-17,1010.5958844647058,1240.0,94272.5,91866.3,2
2016-10-18,1027.1225881142454,1248.0,183081.8,180092.9,2
2016-10-19,1028.5002218754164,1217.0,118941.90000000001,117773.3,2
2016-10-20,1028.728997774101,1208.0,141416.0,140033.3,2
2016-10-21,1034.1254932247812,1267.0,98100.8,93251.6,2
2016-10-22,1038.015950164475,1218.0,109550.0,108709.6,2
2016-10-24,1084.0807098413134,1292.0,94101.7,93215.2,2
2016-10-25,1084.4788351828668,1281.0,200841.1,199284.5,2
2016-10-26,1100.1983719686725,1280.0,136864.6,133530.6,2
2016-10-27,1110.6340963900752,1293.0,144248.7,143529.3,2
2016-10-28,1128.4416084110849,1362.0,128484.20000000001,126385.6,2
2016-10-31,1168.76,1368.0,43688.3,43230.8,1
2016-11-01,1144.7669222108775,1420.0,145272.5,142113.7,2
2016-11-02,1184.8089209839309,1393.0,108105.4,106105.0,2
2016-11-03,1152.5465121792563,1337.0,99436.4,97772.79999999999,2
2016-11-04,1161.8120475588619,1351.0,82764.0,79673.9,2
2016-11-05,1171.13452149877,1350.0,103123.20000000001,99452.2,2
2016-11-07,1288.8060501849443,1493.0,45414.0,44013.200000000004,2
2016-11-08,1358.6045217825836,1556.0,140014.1,133276.2,2
2016-11-10,1291.3230042313116,1502.0,83487.6,75933.9,2
2016-11-11,1251.8412001558731,1482.0,102510.5,74419.5,2
2016-11-12,1208.614213142314,1472.0,44545.9,32834.4,2
2016-11-14,1267.49,1444.0,15640.6,15041.1,1
2016-11-16,1312.15,1453.0,14966.6,14966.6,1
2016-11-18,1236.4120816453076,1487.0,66004.7,62252.2,2
2016-11-19,1252.28,1459.0,47020.7,43725.3,1
2016-11-21,1297.44,1501.0,17074.5,17074.5,1
2016-11-22,1248.0351449553257,1439.0,68357.0,68058.9,2
2016-11-23,1233.2364303432962,1441.0,41206.8,40352.899999999994,2
2016-11-24,1246.5855127363386,1421.0,88127.4,87120.8,2
2016-11-25,1295.9579799667083,1494.0,53757.0,51544.2,2
2016-11-26,1305.24747780101,1520.0,64906.7,62987.1,2
2016-11-28,1322.9236551554213,1552.0,31917.9,30845.2,2
2016-11-29,1331.836969964127,1560.5,99642.6,98682.0,2
2016-11-30,1314.088796226265,1578.0,62072.9,60290.399999999994,2
2016-12-01,1290.245370238629,1474.0,117579.79999999999,116389.8,2
2016-12-02,1236.542051571053,1500.0,78691.5,71776.7,2
2016-12-03,1236.295533736229,1462.0,76189.0,66353.0,2
2016-12-05,1190.8191178517993,1389.0,42478.7,37493.7,2
2016-12-08,1251.6586564667725,1437.0,61762.4,58889.5,2
2016-12-09,1240.191595417828,1444.0,40863.100000000006,39317.600000000006,2
2016-12-10,1240.6067591283206,1400.0,44955.5,42075.1,2
2016-12-12,1240.65,1378.0,28774.7,27876.7,1
2016-12-13,1219.772057790007,1478.0,114783.9,110188.6,2
2016-12-14,1217.7868418598123,1428.0,63078.5,61969.7,2
2016-12-15,1211.4962121527187,1392.0,144642.4,140905.09999999998,2
2016-12-16,1190.830894375049,1400.0,76887.8,75021.1,2
2016-12-17,1193.6481946474337,1445.0,74821.0,71363.9,2
2016-12-19,1196.33,1350.0,25736.8,25587.8,1
2016-12-20,1154.2493082527403,1388.0,144730.5,135485.90000000002,2
2016-12-21,1161.2673660640044,1394.0,52279.1,50509.2,2
2016-12-22,1152.8711463645686,1380.0,142919.6,138180.3,2
2016-12-23,1122.1269415271072,1338.0,38723.7,33820.8,2
2016-12-24,1147.98,1311.0,43088.7,42866.1,1
2016-12-26,1153.47,1379.0,18856.1,18539.5,1
2016-12-27,1188.3702716603425,1407.0,63636.0,63461.6,2
2016-12-28,1213.8696509548836,1476.0,36260.6,35067.1,2
2016-12-29,1223.7586227824756,1439.0,96048.0,95861.4,2
2016-12-30,1198.296657356774,1448.0,30103.1,28929.8,2
2016-12-31,1243.2,1419.0,41110.7,40802.8,1
2017-01-02,1288.8,1515.0,25294.4,25294.4,1
2017-01-03,1307.1722980496916,1503.0,96430.9,96430.9,2
2017-01-04,1392.9473066409605,1649.0,45994.6,45436.2,2
2017-01-05,1340.666165534273,1548.0,114378.2,112652.2,2
2017-01-06,1384.9125235890149,1558.0,52062.8,51655.4,2
2017-01-07,1351.1994345462613,1564.0,58003.2,57928.7,2
2017-01-09,1329.84090780533,1564.0,57918.6,51126.6,2
2017-01-10,1356.8399691083728,1767.0,134967.0,133563.7,2
2017-01-11,1368.4091482318227,1640.0,68406.0,65067.0,2
2017-01-12,1365.9268029019606,1567.0,107129.2,106851.9,2
2017-01-13,1366.635731261623,1576.0,42297.7,41781.9,2
2017-01-17,1384.9853865510538,1571.0,116257.6,111867.5,2
2017-01-18,1376.2779597459605,1622.0,52623.9,51393.6,2
2017-01-19,1383.3562797424458,1535.0,105937.8,105686.5,2
2017-01-21,1354.44023754635,1549.0,63214.899999999994,61596.399999999994,2
2017-01-23,1353.9380112766273,1546.0,47742.399999999994,42902.899999999994,2
2017-01-24,1356.8143173302865,1667.0,117200.9,112818.1,2
2017-01-25,1345.691023049514,1633.0,60007.5,58009.9,2
2017-01-27,1357.0735145392423,1575.0,49817.7,48087.1,2
2017-01-28,1316.2220556331808,1517.0,56678.700000000004,52889.3,2
2017-01-30,1309.092119009277,1502.0,44137.399999999994,41791.7,2
2017-01-31,1319.8268322661372,1520.0,115976.79999999999,113162.6,2
2017-02-01,1331.509062402697,1476.0,43319.8,42714.5,2
2017-02-02,1334.3292780079341,1505.0,117133.0,116128.7,2
2017-02-03,1321.765840823762,1466.0,34647.9,33320.3,2
2017-02-04,1361.5927819237047,1560.0,41218.8,40990.700000000004,2
2017-02-06,1357.0876345682655,1549.0,30863.7,29834.300000000003,2
2017-02-07,1366.9418223279895,1567.0,119156.7,117742.79999999999,2
2017-02-08,1354.2163407235735,1542.0,68551.79999999999,66362.3,2
2017-02-09,1354.2137329392508,1511.0,128688.40000000001,123595.09999999999,2
2017-02-10,1338.2190316410124,1528.0,46176.4,41247.1,2
2017-02-11,1343.9797177977537,1518.0,69086.8,63064.700000000004,2
2017-02-13,1318.4436615180753,1523.0,26763.8,24149.0,2
2017-02-14,1315.5679136395238,1495.0,131586.2,119818.7,2
2017-02-15,1324.7456458715753,1476.0,60647.9,58018.5,2
2017-02-16,1328.7400989094558,1480.0,128772.2,128339.59999999999,2
2017-02-17,1312.3293427695712,1442.0,26049.9,24600.199999999997,2
2017-02-18,1314.191885400087,1464.0,53441.100000000006,51832.5,2
2017-02-20,1323.84,1478.0,29317.7,27902.4,1
2017-02-21,1298.3357542715448,1496.0,127468.0,126587.7,2
2017-02-22,1290.8144482124414,1480.0,71162.0,68943.20000000001,2
2017-02-23,1296.270360488256,1482.0,129005.20000000001,126228.8,2
2017-02-24,1273.5983917944734,1454.0,36634.7,32431.8,2
2017-02-25,1293.9900221576731,1516.0,58227.8,53706.0,2
2017-02-27,1254.46,1428.0,26453.1,25639.2,1
2017-02-28,1253.9432810953645,1480.0,103745.7,100437.79999999999,2
2017-03-01,1224.177562504243,1460.0,69235.1,64811.6,2
2017-03-02,1223.3243878237206,1489.0,105303.1,102310.4,2
2017-03-03,1193.238756052819,1359.0,34401.2,32980.5,2
2017-03-04,1210.1060782233628,1435.0,51347.5,47226.299999999996,2
2017-03-06,1196.97,1409.0,17503.9,17503.9,1
2017-03-07,1234.817834454311,1424.0,71136.2,70013.3,2
2017-03-08,1268.5879862856987,1480.0,44711.0,44231.2,2
2017-03-09,1259.6182869778347,1460.0,82985.0,80702.4,2
2017-03-10,1217.3150167785236,1397.0,30077.5,28965.6,2
2017-03-11,1251.9220857356142,1492.0,48118.4,44072.7,2
2017-03-13,1215.93,1434.0,25209.4,23823.2,1
2017-03-14,1174.4523240161436,1419.0,101926.0,96187.79999999999,2
2017-03-15,1178.7303487491565,1356.0,45289.4,43578.6,2
2017-03-16,1177.833335685456,1426.0,98847.6,97642.3,2
2017-03-17,1174.9752131394323,1405.0,36124.5,35605.8,2
2017-03-18,1198.7073369559469,1379.0,48411.299999999996,47258.7,2
2017-03-20,1183.3700000000001,1364.0,16260.1,15520.2,1
2017-03-21,1185.8239058796569,1375.0,75692.9,75057.1,2
2017-03-22,1189.476286358683,1359.0,58189.8,57905.7,2
2017-03-23,1179.920158288406,1359.0,88539.9,88105.0,2
2017-03-24,1161.3516798464975,1328.0,33313.9,31791.0,2
2017-03-25,1185.210578134804,1395.0,46265.5,45897.6,2
2017-03-27,1117.8728309097864,1322.0,29667.6,26400.7,2
2017-03-28,1160.7098448615645,1345.0,56636.8,54751.100000000006,2
2017-03-29,1167.641515862011,1325.0,39245.8,35698.5,2
2017-03-30,1173.8733744597428,1331.0,68073.4,66056.5,2
2017-03-31,1104.47,1327.0,6949.8,4766.6,1
2017-04-01,1183.5122161749578,1345.0,42873.5,42186.2,2
2017-04-03,1127.4799432221434,1320.0,16882.9,16062.599999999999,2
2017-04-04,1182.454560029251,1504.0,94261.8,92988.0,2
2017-04-05,1161.6815595659425,1448.0,62562.600000000006,61540.2,2
2017-04-06,1164.0248541822805,1332.0,97857.20000000001,97268.70000000001,2
2017-04-07,1121.94,1274.0,17947.6,17359.4,1
2017-04-08,1087.5484863277666,1329.0,72660.3,68112.5,2
2017-04-10,1079.6404529855238,1316.0,45304.9,43533.4,2
2017-04-11,1082.041209385181,1290.0,127145.4,124622.0,2
2017-04-17,1008.9748987729508,1292.0,53915.0,49981.700000000004,2
2017-04-18,949.9014631520255,1195.0,112303.4,104022.0,2
2017-04-19,893.8983918358076,1212.0,78882.8,76597.9,2
2017-04-20,893.4430495390689,1132.0,128148.0,126873.59999999999,2
2017-04-21,937.9102925770259,1174.0,45219.2,44634.4,2
2017-04-22,983.9296945607217,1211.0,72217.3,72217.3,2
2017-04-24,1005.1283263652624,1270.0,36539.6,35447.4,2
2017-04-25,1024.5675607738083,1224.0,74536.4,74209.6,2
2017-04-26,992.2436319380557,1221.0,60825.8,60002.4,2
2017-04-27,954.2966936595104,1216.0,95444.70000000001,94271.9,2
2017-04-28,942.88701498453,1228.0,51474.5,48189.7,2
2017-04-29,954.8767419424138,1208.0,69923.5,66099.2,2
2017-05-01,956.41,1206.0,28984.6,28911.0,1
2017-05-02,956.9799999999999,1164.0,70673.8,70233.1,1
2017-05-03,967.6306936416184,1211.0,58206.4,56415.299999999996,2
2017-05-04,998.0376488041017,1218.0,92215.20000000001,92215.20000000001,2
2017-05-05,993.2873394947227,1259.0,52775.899999999994,52185.2,2
2017-05-06,977.3714822773945,1254.0,64388.7,62914.0,2
2017-05-08,970.9123200024146,1211.0,34420.8,33131.0,2
2017-05-09,951.7124993997352,1186.0,118585.7,117031.7,2
2017-05-10,957.6284485470419,1236.0,75200.7,71526.5,2
2017-05-11,950.9170872359158,1191.0,114472.8,114144.5,2
2017-05-12,887.1961497598994,1151.0,43555.5,40774.600000000006,2
2017-05-13,916.7412707225833,1176.0,76966.5,76185.0,2
2017-05-15,897.4234074603536,1116.0,32168.0,29939.6,2
2017-05-16,911.8461720819481,1236.0,115984.6,114272.3,2
2017-05-17,917.2459010083596,1149.0,75691.20000000001,74824.5,2
2017-05-18,921.2883845559355,1168.0,94833.4,94457.0,2
2017-05-19,878.7970968664866,1159.0,42572.2,40194.5,2
2017-05-20,891.7281182674684,1165.0,66908.8,62198.0,2
2017-05-22,851.1941149117963,1127.0,34247.3,30968.1,2
2017-05-23,890.9892592512548,1180.0,94872.2,92541.5,2
2017-05-24,878.714900287319,1095.0,63585.7,60072.6,2
2017-05-25,881.0408344731344,1167.0,86607.2,86491.7,2
2017-05-26,801.7971603999299,1083.0,35626.3,32475.7,2
2017-05-27,909.0876302230519,1176.0,43636.0,42640.3,2
2017-05-29,890.99,1156.0,20442.1,18893.1,1
2017-05-30,895.6659871493852,1187.0,75577.9,75171.5,2
2017-05-31,921.3996742401081,1220.0,50248.1,49717.6,2
2017-06-01,922.2219896021682,1194.0,50199.8,49664.2,2
2017-06-02,845.69049167546,1104.0,20687.4,19238.3,2
2017-06-03,954.1175560919506,1170.0,47560.3,47560.3,2
2017-06-05,982.68,1170.0,13203.5,12880.3,1
2017-06-06,1009.1748931028269,1247.0,56605.8,56605.8,2
2017-06-07,1008.5904031415532,1254.0,43647.2,43647.2,2
2017-06-08,945.880771166167,1200.0,60552.399999999994,57392.3,2
2017-06-09,910.3697808072135,1172.0,21164.2,18632.0,2
2017-06-10,964.4033928427525,1219.0,48718.3,48395.700000000004,2
2017-06-12,983.91,1199.0,18745.6,18552.9,1
2017-06-13,931.6759984470425,1173.0,93774.4,90794.5,2
2017-06-14,953.6484688437655,1208.0,55364.3,53291.100000000006,2
2017-06-15,968.3252923511982,1210.0,61349.5,60540.2,2
2017-06-16,930.7708665228139,1210.0,25025.6,22893.8,2
2017-06-17,1016.3524859467419,1266.0,41118.8,40880.200000000004,2
2017-06-19,987.47,1230.0,16795.7,16795.7,1
2017-06-20,955.1599658865578,1253.0,68260.6,65106.3,2
2017-06-21,979.8872606154032,1259.0,58783.200000000004,57734.5,2
2017-06-22,979.5267652058919,1238.0,57555.399999999994,56410.7,2
2017-06-23,949.3875317811585,1219.0,30346.5,27587.1,2
2017-06-24,967.0108940875185,1248.0,49226.2,49201.0,2
2017-06-27,873.3191694078531,1172.0,79902.6,78676.4,2
2017-06-28,894.0900000000001,1258.0,22291.7,22291.7,1
2017-06-29,837.050072693264,1180.0,46243.4,42342.3,2
2017-06-30,818.52,1117.0,19806.8,18116.2,1
2017-07-01,898.4300000000001,1216.0,22679.1,21523.5,1
2017-07-03,860.9,1248.0,10915.0,10718.0,1
2017-07-04,847.7796853198553,1220.0,38252.3,37196.5,2
2017-07-05,854.6807609624053,1166.0,30647.399999999998,30440.399999999998,2
2017-07-06,892.1351684277637,1134.0,28920.5,28703.699999999997,2
2017-07-07,892.2710511998944,1279.0,28322.300000000003,27277.4,2
2017-07-08,935.5740271201032,1231.0,32813.7,32522.0,2
2017-07-10,934.04,1302.0,25303.0,25244.6,1
2017-07-11,940.0954072014646,1291.0,72476.9,72260.3,2
2017-07-12,933.4008927842032,1359.0,65673.0,62918.9,2
2017-07-13,939.4473901573284,1331.0,57540.9,57275.100000000006,2
2017-07-14,935.3536061080525,1350.0,31127.4,29698.5,2
2017-07-15,954.5250132734109,1334.0,56506.2,56428.600000000006,2
2017-07-17,991.35,1385.0,29387.0,29387.0,1
2017-07-18,981.1803281982061,1319.0,89644.0,89644.0,2
2017-07-19,1051.1941783279642,1440.0,82881.0,82881.0,2
2017-07-20,1013.1618160322523,1381.0,71168.29999999999,70965.7,2
2017-07-21,1008.5265153453358,1412.0,47978.600000000006,47450.899999999994,2
2017-07-22,1015.0563981571261,1416.0,63118.8,63118.8,2
2017-07-24,1017.7,1255.0,28892.2,28397.3,1
2017-07-25,1021.4332646399972,1444.0,89460.4,89460.4,2
2017-07-26,1080.53091212539,1515.0,82039.8,81307.9,2
2017-07-27,1060.9013983104142,1438.0,75533.3,75533.3,2
2017-07-28,1050.4990854894481,1442.0,54380.700000000004,51999.4,2
2017-07-29,1074.369951986998,1505.0,60273.399999999994,59192.3,2
2017-07-31,1083.79,1482.0,23707.0,23134.7,1
2017-08-01,1086.3206517188967,1540.0,107472.6,106780.70000000001,2
2017-08-02,1112.0473115985178,1472.0,90336.3,89512.3,2
2017-08-03,1079.4202215724413,1568.0,94114.3,93775.20000000001,2
2017-08-04,1057.67901968342,1486.0,64947.2,61747.4,2
2017-08-05,1044.404037732924,1509.0,77592.6,74825.9,2
2017-08-07,1023.4175747464203,1497.0,46311.5,44443.6,2
2017-08-08,1010.3235863510158,1480.0,120861.4,119249.9,2
2017-08-09,1021.3999361794729,1494.0,83261.8,73753.70000000001,2
2017-08-10,1028.7964719204558,1517.0,96377.5,95594.5,2
2017-08-11,1006.4863327858814,1492.0,48043.0,46214.100000000006,2
2017-08-12,1062.785866673002,1492.0,80348.6,79974.8,2
2017-08-14,1073.9614288617884,1577.0,44381.1,44280.0,2
2017-08-16,1130.558041807997,1540.0,89064.3,89064.3,2
2017-08-17,1108.6055297434757,1562.0,108754.79999999999,107038.6,2
2017-08-18,1114.6319177361117,1553.0,61836.7,59462.3,2
2017-08-19,1111.7392624787828,1569.0,84112.0,81654.59999999999,2
2017-08-21,1074.537160548718,1561.0,53192.7,52179.8,2
2017-08-22,1064.9734979692846,1545.0,143185.59999999998,142437.5,2
2017-08-23,1103.0008371085669,1505.0,94491.1,93128.9,2
2017-08-24,1082.1451774242519,1569.0,108483.0,107375.4,2
2017-08-25,1078.5824753177149,1528.0,57073.5,53884.8,2
2017-08-26,1095.086265048221,1479.0,93979.9,91215.09999999999,2
2017-08-28,1100.2105672326757,1541.0,40498.3,39222.0,2
2017-08-29,1121.005467856532,1522.0,123131.6,120999.7,2
2017-08-30,1144.8628958713616,1547.0,96755.40000000001,96145.5,2
2017-08-31,1118.1263129510137,1523.0,127646.0,125716.8,2
2017-09-02,1121.7637528288399,1645.0,108767.6,107994.79999999999,2
2017-09-05,1125.4159372554545,1518.0,141010.8,139033.6,2
2017-09-06,1184.88,1533.0,55972.3,55972.3,1
2017-09-07,1142.4097681568194,1544.0,115044.6,114659.4,2
2017-09-08,1149.10831356139,1499.0,76864.7,74583.79999999999,2
2017-09-09,1141.3050188010661,1580.0,90956.70000000001,89516.2,2
2017-09-11,1203.0156051986778,1645.0,63784.0,63177.600000000006,2
2017-09-12,1199.2002372526067,1555.0,163947.5,160099.4,2
2017-09-13,1253.301286956217,1652.0,114628.2,114108.0,2
2017-09-14,1221.7017529197997,1600.0,138690.5,138468.40000000002,2
2017-09-15,1200.0072941288931,1563.0,90916.5,86828.6,2
2017-09-16,1153.9985216069513,1546.0,109077.3,104403.90000000001,2
2017-09-18,1143.5802956228067,1598.0,96271.6,94752.5,2
2017-09-19,1095.1890015631861,1507.0,197740.4,183279.5,2
2017-09-20,1084.7407378842763,1437.0,140522.3,135547.0,2
2017-09-21,1094.8669868453871,1494.0,170343.40000000002,169993.6,2
2017-09-22,1085.6410259019772,1474.0,67298.8,64458.4,2
2017-09-23,1096.8123958348856,1471.0,102173.59999999999,100645.5,2
2017-09-25,1085.8895373819655,1393.0,74987.6,74787.4,2
2017-09-26,995.3207863840285,1313.0,186247.40000000002,175781.8,2
2017-09-27,990.4747925547163,1247.0,122577.2,118260.09999999999,2
2017-09-28,952.0997867431938,1279.0,180320.2,175380.1,2
2017-09-30,968.9945384163746,1262.0,98754.8,96060.6,2
2017-10-03,959.7502380664582,1214.0,142172.9,139813.90000000002,2
2017-10-04,975.3244541398504,1185.0,92612.3,92185.7,2
2017-10-05,986.8446044242729,1226.0,134340.8,133432.09999999998,2
2017-10-06,957.3102079432397,1150.0,57429.1,56236.5,2
2017-10-07,955.8932989702759,1188.0,105367.1,102784.79999999999,2
2017-10-09,935.1097780936138,1196.0,92404.5,91890.1,2
2017-10-10,892.478676518608,1123.0,172801.8,171803.7,2
2017-10-11,902.8528650646036,1107.0,122804.5,121347.70000000001,2
2017-10-12,915.7980067182958,1095.0,182881.7,181563.9,2
2017-10-13,909.4990122882045,1259.0,56228.0,55419.0,2
2017-10-14,906.9939878581173,1281.0,120875.9,117807.1,2
2017-10-16,897.3980819800314,1285.0,78917.4,77501.79999999999,2
2017-10-17,915.8539906362618,1106.0,108838.6,108802.7,2
2017-10-20,911.019450231109,1110.0,40706.8,38834.5,2
2017-10-21,911.0438201784946,1105.0,86759.2,84103.40000000001,2
2017-10-23,913.4491135779342,1125.0,51856.0,50177.0,2
2017-10-24,922.889003837619,1189.0,132711.0,132217.4,2
2017-10-25,906.4325513639699,1197.0,111864.70000000001,109833.8,2
2017-10-26,905.702166931294,1170.0,192681.2,190708.4,2
2017-10-27,888.3019519862181,1079.0,64724.8,62923.6,2
2017-10-28,886.0593352065118,1127.0,101060.5,99154.09999999999,2
2017-10-30,878.8299892004595,1066.0,84324.5,82781.3,2
2017-10-31,851.2926838709677,1070.0,180437.5,179025.0,2
2017-11-01,849.6230596705459,1054.0,105317.8,102005.1,2
2017-11-02,787.3917128478967,1028.0,196442.8,195137.0,2
2017-11-03,781.7463193374567,1087.5,69396.0,66531.5,2
2017-11-04,828.9013344628574,1064.0,112974.29999999999,111846.5,2
2017-11-06,801.8579940298827,1255.0,75926.0,74738.9,2
2017-11-07,801.9229279781762,1003.0,150423.59999999998,149707.4,2
2017-11-08,799.8753051815072,1096.0,79504.5,78666.3,2
2017-11-09,829.8239687813682,1044.0,137332.2,137180.9,2
2017-11-10,846.8148353819942,1036.0,35815.7,35624.9,2
2017-11-11,861.4719164303602,1041.0,102872.4,102621.0,2
2017-11-13,833.7985126197359,1076.0,80937.1,79664.9,2
2017-11-14,835.7258641459986,1060.0,169671.2,165903.09999999998,2
2017-11-15,865.8746494308853,1074.0,74022.3,71866.0,2
2017-11-16,892.7688127821502,1079.0,160774.2,160774.2,2
2017-11-17,912.8812580833965,1114.0,63617.9,63045.9,2
2017-11-18,904.3520122547934,1138.0,120802.1,119659.3,2
2017-11-20,879.3991524408949,1259.0,88034.1,87687.1,2
2017-11-21,885.1877458694578,1148.0,184599.8,179946.09999999998,2
2017-11-22,899.3293197267463,1130.0,102000.79999999999,101019.70000000001,2
2017-11-23,908.6901194426763,1288.0,186218.3,185687.4,2
2017-11-24,913.4692289129018,1292.5,84440.0,83788.2,2
2017-11-25,899.2401111198212,1212.0,128434.2,122462.4,2
2017-11-27,867.54,1014.0,24638.9,23032.6,1
2017-11-28,852.771386453268,1086.0,186229.9,180207.3,2
2017-11-29,867.5092477271032,1064.0,98168.1,96528.8,2
2017-11-30,850.3420316611432,1092.0,200786.9,199177.9,2
2017-12-01,846.6131876490307,1206.0,56528.9,54560.9,2
2017-12-02,856.3049578154348,1123.0,81473.5,77943.2,2
2017-12-04,885.8186062799209,1095.0,48000.399999999994,47917.8,2
2017-12-05,903.8854798956182,1149.0,99630.29999999999,99289.29999999999,2
2017-12-06,896.2474730578091,1099.0,80106.70000000001,80106.70000000001,2
2017-12-07,878.8252953763515,1209.0,176597.40000000002,174362.3,2
2017-12-08,861.8579947317653,1114.0,70823.8,64689.6,2
2017-12-09,869.1629138430452,1134.0,117659.0,111750.7,2
2017-12-11,881.9272977720058,1250.0,71213.8,69914.9,2
2017-12-12,892.2457182715397,1230.0,164731.3,164296.5,2
2017-12-13,928.0439747565767,1201.0,81874.3,81288.5,2
2017-12-14,916.12,1151.0,82392.7,82392.7,1
2017-12-15,911.1281754225819,1181.0,166029.6,164104.3,3
2017-12-16,920.8944412364107,1502.0,140600.9,139649.4,2
2017-12-18,937.1672980749597,1186.0,97345.0,96964.2,2
2017-12-19,929.5792040028477,1270.0,220330.9,218704.3,2
2017-12-20,952.775906658599,1183.0,122233.1,120480.3,2
2017-12-21,934.2324193626525,1190.0,207013.0,206418.0,2
2017-12-22,937.1059530901882,1173.0,90593.29999999999,89499.40000000001,2
2017-12-23,940.5032368767332,1552.0,154640.4,142188.3,2
2017-12-26,935.8388708256655,1273.0,201980.5,197417.7,2
2017-12-28,926.590276602611,1156.0,158922.8,158653.6,2
2017-12-29,941.9990321945093,1206.0,65398.9,64967.6,2
2017-12-30,958.5754588947701,1234.0,104043.8,101792.40000000001,2
2018-01-01,969.7912146038932,1322.0,99350.7,97743.79999999999,2
2018-01-02,954.8042971571493,1314.0,188518.9,185518.0,2
2018-01-03,978.8267363860676,1305.0,116853.7,115018.2,2
2018-01-04,952.5009290900352,1226.0,184182.09999999998,182480.7,2
2018-01-05,961.3695909110406,1217.0,66884.4,65279.2,2
2018-01-06,973.7437906128456,1235.0,133554.1,128219.90000000001,2
2018-01-08,957.8188621375032,1303.0,118296.79999999999,115466.5,2
2018-01-09,959.2495525615401,1249.0,196636.4,191923.6,2
2018-01-10,969.1110105531778,1257.0,123809.8,122105.4,2
2018-01-11,933.2138480951875,1180.0,187625.8,185755.8,2
2018-01-12,948.6230773083066,1246.0,65124.100000000006,59904.3,2
2018-01-13,964.9402410167077,1308.0,122797.5,118083.1,2
2018-01-15,929.54,1108.0,19805.9,16768.0,1
2018-01-16,948.9532146474893,1199.0,111215.0,100792.7,2
2018-01-17,957.1481370885523,1260.0,82412.8,81507.9,2
2018-01-18,943.4367461727348,1203.0,119738.0,119282.3,2
2018-01-19,950.8007585708104,1263.0,48711.5,46457.1,2
2018-01-20,961.867428896069,1209.0,119939.59999999999,112564.1,2
2018-01-22,948.0801521747162,1234.0,83039.6,81183.0,2
2018-01-23,976.5900000000001,1310.0,83416.6,80845.3,1
2018-01-24,968.1113932329457,1284.0,155745.3,155391.1,3
2018-01-25,963.7081546716156,1259.0,125178.29999999999,124797.29999999999,2
2018-01-27,983.5188370991253,1416.0,131195.9,126224.0,2
2018-01-29,993.5511528313929,1261.0,92381.20000000001,87894.9,2
2018-01-30,1022.3015237966761,1426.0,169272.09999999998,166048.4,2
2018-01-31,1062.2639938862242,1348.0,105346.1,104354.5,2
2018-02-01,1015.1164180100476,1284.0,162135.59999999998,159144.5,2
2018-02-02,1013.2403777799683,1316.0,68986.9,65940.5,2
2018-02-03,1005.4650063941656,1326.0,123091.4,111586.1,2
2018-02-05,969.5628917159153,1271.0,70599.6,65856.4,2
2018-02-06,1004.8812678455436,1370.0,156318.8,144714.0,2
2018-02-07,996.4010356137607,1266.0,89578.1,85124.4,2
2018-02-08,997.5284860087893,1275.0,131276.3,130660.6,2
2018-02-09,988.7326932561839,1258.0,50753.3,46835.5,2
2018-02-10,987.0367757236152,1340.0,121108.6,112286.9,2
2018-02-12,971.3476753860255,1274.0,67634.8,63823.5,2
2018-02-13,993.3181235931048,1303.0,156131.0,142734.5,2
2018-02-14,972.8789839819271,1283.0,89225.2,82244.6,2
2018-02-15,983.8466253531678,1269.0,138957.7,135629.6,2
2018-02-16,978.1859550078894,1275.5,39940.7,33272.5,2
2018-02-17,989.2393127806178,1310.0,101125.59999999999,96817.7,2
2018-02-19,990.3103288221504,1281.0,60762.7,58949.8,2
2018-02-20,992.7267254726687,1282.0,160685.3,156843.40000000002,2
2018-02-21,987.9832003949148,1292.0,97135.0,94602.7,2
2018-02-22,973.1121377838984,1256.0,151234.2,147552.8,2
2018-02-23,977.2411021789853,1230.0,52518.200000000004,47058.6,2
2018-02-24,976.2370325733029,1304.0,130787.4,123920.5,2
2018-02-26,957.4166507080183,1274.0,77994.9,68176.2,2
2018-02-27,956.7374751148292,1260.0,173672.1,150571.59999999998,2
2018-02-28,945.1365038313696,1178.0,85473.4,79814.79999999999,2
2018-03-01,942.8154934157817,1212.0,143578.8,139173.7,2
2018-03-02,942.68,1229.0,17010.0,16320.5,1
2018-03-03,959.3588653977871,1244.5,96298.9,92564.59999999999,2
2018-03-05,969.4399146120842,1248.0,52452.9,40462.4,2
2018-03-06,989.5558160913268,1280.0,117266.9,117266.9,2
2018-03-07,1001.7322371496165,1252.0,56911.2,55796.0,2
2018-03-08,969.9197346176306,1282.0,127161.59999999999,123979.59999999999,2
2018-03-09,976.1600000000001,1235.0,40313.5,36182.2,1
2018-03-10,956.3412873508485,1297.0,127668.70000000001,109201.0,2
2018-03-12,932.4625783273376,1170.5,71685.2,61932.4,2
2018-03-13,953.2380314997376,1247.0,160778.1,156426.7,2
2018-03-14,960.2893058636319,1245.0,68567.2,66361.6,2
2018-03-15,954.4696679812653,1254.0,122284.0,121101.6,2
2018-03-16,963.68,1214.0,24688.9,24136.9,1
2018-03-17,933.1298677065248,1230.0,96243.5,90140.5,2
2018-03-19,945.7332122920584,1206.0,50789.3,46683.8,2
2018-03-20,963.9892183403658,1272.0,123002.9,117406.59999999999,2
2018-03-21,951.6094157711574,1273.0,54930.2,54280.1,2
2018-03-22,957.6149483385333,1286.0,122674.20000000001,121570.3,2
2018-03-23,919.42,1204.0,35700.1,27898.0,1
2018-03-24,915.5735314191693,1210.0,95255.2,88613.1,2
2018-03-26,904.2234738600142,1210.0,52581.899999999994,48439.2,2
2018-03-27,929.4915419453789,1247.0,135792.9,127401.4,2
2018-03-29,941.0536902815643,1256.0,92033.8,91261.6,2
2018-04-02,968.5690164278461,1329.0,40447.7,35738.1,2
2018-04-03,966.4659152214559,1523.0,77710.7,77710.7,2
2018-04-04,984.7470221621843,1234.0,72363.2,70178.1,2
2018-04-05,970.0620512489547,1315.0,126678.4,124732.3,2
2018-04-06,944.9,1309.5,41363.7,38784.5,1
2018-04-07,950.2434320463681,1557.0,106148.40000000001,94340.8,2
2018-04-09,937.322680336689,1300.0,91083.70000000001,83638.0,2
2018-04-10,944.0677456282723,1305.0,172993.1,148362.40000000002,2
2018-04-11,946.6012464839353,1269.0,96380.9,91401.9,2
2018-04-12,932.4499480496659,1295.0,151599.7,145677.59999999998,2
2018-04-16,914.0511612147088,1284.0,91797.3,86944.29999999999,2
2018-04-17,903.2433280622273,1253.0,155666.3,144245.5,2
2018-04-18,892.9445530085428,1265.0,86161.0,80944.5,2
2018-04-19,878.3129617547876,1236.0,146614.9,144386.7,2
2018-04-20,945.59,1240.0,19882.4,18614.9,1
2018-04-21,881.1463331796893,1326.0,99572.6,96760.4,2
2018-04-23,873.2285604181255,1308.0,69826.5,65262.7,2
2018-04-24,914.5756273146228,1278.0,134689.6,132581.0,2
2018-04-25,904.0869108611996,1257.0,73009.0,69695.8,2
2018-04-26,886.8410466816077,1288.0,131973.0,126006.79999999999,2
2018-04-27,907.1,1253.0,28589.2,27308.3,1
2018-04-28,837.5336064812286,1251.0,112146.6,98814.59999999999,2
2018-04-30,836.2723585716618,1235.0,86207.9,78407.2,2
2018-05-01,835.1300723102335,1249.0,136797.3,125072.2,2
2018-05-02,784.1948357531829,1212.0,56533.4,52372.4,2
2018-05-03,801.5981095801209,1204.0,107949.3,106271.1,2
2018-05-04,805.2,1179.0,13363.9,12902.5,1
2018-05-05,823.926351363056,1196.0,63286.6,62345.2,2
2018-05-07,832.316139675581,1194.0,49118.600000000006,45620.0,2
2018-05-08,863.5907848970589,1247.0,115857.5,114857.09999999999,2
2018-05-09,863.0049975106596,1248.0,68955.20000000001,67286.9,2
2018-05-10,814.0972954563497,1288.0,104276.5,103295.79999999999,2
2018-05-11,816.3300000000002,1196.0,26990.9,26069.9,1
2018-05-12,834.7364646702035,1187.0,83516.0,82121.9,2
2018-05-14,830.453332280723,1254.0,67637.3,62384.600000000006,2
2018-05-15,805.281627232804,1244.0,137197.6,126287.4,2
2018-05-16,825.9332675444584,1248.0,80605.0,69576.1,2
2018-05-17,812.2626574176338,1228.0,95061.20000000001,92896.2,2
2018-05-18,817.27,1168.0,27209.0,24582.0,1
2018-05-19,760.4967607852077,1182.0,82606.1,77207.6,2
2018-05-21,764.08,1044.0,17575.3,13500.6,1
2018-05-22,856.6299999999999,1228.0,81361.4,80924.7,1
2018-05-23,851.58,1257.0,56764.7,56549.7,1
2018-05-24,830.51,1164.0,62764.9,62183.0,1
2018-05-25,905.87,1266.0,70226.4,70226.4,1
2018-05-26,839.82,1271.0,93321.6,92894.9,1
2018-05-28,831.4,1162.0,61647.3,60747.1,1
2018-05-29,828.7899999999998,1273.0,89182.5,88711.3,1
2018-05-31,798.32,1212.0,40078.6,37603.8,1
2018-06-01,828.24,1273.0,55431.5,53573.1,1
2018-06-02,832.1700000000001,1247.0,82175.0,81887.6,1
2018-06-04,785.0500000000001,1127.0,27599.5,24441.8,1
2018-06-05,864.95,1254.0,121986.0,117463.0,1
2018-06-06,867.26,1250.0,75495.0,74690.7,1
2018-06-07,847.54,1252.0,95035.7,94582.7,1
2018-06-08,904.8700000000001,1242.0,85052.0,84145.6,1
2018-06-09,855.97,1204.0,100944.0,100944.0,1
2018-06-11,887.66,1220.0,61216.9,60727.6,1
2018-06-12,925.4000000000001,1272.0,76403.5,76335.8,1
2018-06-13,956.64,1504.0,45627.5,45242.8,1
2018-06-14,917.3799999999999,1341.0,37537.2,37157.0,1
2018-06-15,949.9200000000001,1231.0,44563.2,43488.6,1
2018-06-18,972.26,1298.0,15124.5,12079.1,1
2018-06-19,1001.42,1308.0,91215.2,91215.2,1
2018-06-20,978.93,1255.0,49195.8,47837.5,1
2018-06-21,963.96,1252.0,103909.0,103177.0,1
2018-06-23,904.52,1234.0,106950.0,106175.0,1
2018-06-25,912.31,1226.0,66084.1,61920.6,1
2018-06-26,975.77,1382.0,96050.6,95660.6,1
2018-06-27,942.77,1263.0,94091.6,93338.9,1
2018-06-28,942.02,1236.0,35411.9,35344.8,1
2018-06-29,951.3,1302.0,51649.8,51098.5,1
2018-06-30,1002.08,1308.0,80306.5,80121.3,1
2018-07-02,982.24,1288.0,91794.9,91607.6,1
2018-07-03,951.24,1239.0,44100.2,43154.3,1
2018-07-04,989.97,1388.0,75703.3,75703.3,1
2018-07-05,982.51,1256.0,21928.9,21524.8,1
2018-07-06,1010.3600000000001,1316.0,80033.6,79839.6,1
2018-07-09,976.23,1308.0,84917.2,81284.8,1
2018-07-10,935.26,1330.0,60648.7,59141.8,1
2018-07-11,928.67,1296.0,115808.0,114441.0,1
2018-07-12,966.38,1293.0,42209.1,42209.1,1
2018-07-13,1021.78,1377.0,63321.8,63321.8,1
2018-07-14,992.06,1613.0,53699.8,53699.8,1
2018-07-16,996.18,1338.0,92538.9,91968.8,1
2018-07-17,974.5600000000001,1293.0,54858.7,54641.4,1
2018-07-18,1033.65,1353.0,73345.9,73345.9,1
2018-07-19,1043.98,1330.0,29747.2,27451.9,1
2018-07-20,1063.03,1392.0,93423.0,93423.0,1
2018-07-21,1054.69,1402.0,57760.1,57142.4,1
2018-07-23,1084.6,1380.0,88247.4,88247.4,1
2018-07-24,1090.03,1466.0,61411.3,60693.2,1
2018-07-25,1052.86,1324.0,115884.0,113131.0,1
2018-07-26,1050.29,1374.0,55112.4,54980.0,1
2018-07-27,1137.3,1450.0,84965.3,84361.1,1
2018-07-28,1070.68,1352.0,50529.6,50529.6,1
2018-07-30,1039.21,1433.0,116314.0,113910.0,1
2018-07-31,1000.37,1305.0,61595.6,57355.6,1
2018-08-01,985.52,1353.0,111188.0,107478.0,1
2018-08-02,963.8400000000001,1265.0,39102.8,36434.2,1
2018-08-03,962.79,1315.0,96048.6,90200.1,1
2018-08-06,980.7299999999999,1368.0,81280.9,79654.1,1
2018-08-07,949.04,1260.0,94270.5,89277.2,1
2018-08-09,982.09,1341.0,54451.6,54142.0,1
2018-08-10,1020.54,1318.0,59257.9,59257.9,1
2018-08-11,1025.46,1309.0,58102.2,56178.0,1
2018-08-13,1074.69,1470.0,51025.8,51025.8,1
2018-08-14,1106.87,1423.0,110387.0,110387.0,1
2018-08-16,1212.83,1524.0,63960.4,63960.4,1
2018-08-17,1244.25,1597.0,102797.0,102215.0,1
2018-08-18,1266.55,1541.0,39159.0,39159.0,1
2018-08-20,1220.02,1499.0,137702.0,137702.0,1
2018-08-23,1168.4,1609.0,141794.0,140652.0,1
2018-08-24,1151.82,1416.5,115472.0,111320.0,1
2018-08-27,1197.81,1603.0,126310.0,126310.0,1
2018-08-28,1267.59,1582.0,82189.5,82189.5,1
2018-08-29,1307.42,1578.0,118716.0,118716.0,1
2018-08-30,1222.99,1512.0,102593.0,100385.0,1
2018-08-31,1202.26,1494.0,102818.0,102296.0,1
2018-09-01,1252.9,1526.0,135746.0,135746.0,1
2018-09-03,1240.48,1510.0,72482.6,71928.2,1
2018-09-04,1249.46,1560.0,153896.0,153896.0,1
2018-09-05,1239.17,1444.0,47631.6,46083.2,1
2018-09-06,1255.7,1547.0,156486.0,156189.0,1
2018-09-08,1323.66,2227.0,150328.0,150328.0,1
2018-09-10,1314.98,1597.0,78722.0,77950.5,1
2018-09-11,1312.17,1603.0,172099.0,172099.0,1
2018-09-12,1308.08,1699.0,116475.0,114360.0,1
2018-09-13,1308.71,1982.0,136545.0,132302.0,1
2018-09-14,1283.29,1442.0,81237.6,80390.9,1
2018-09-15,1256.8,1488.0,83220.2,81043.1,1
2018-09-17,1259.45,1650.0,196978.0,195767.0,1
2018-09-18,1230.23,2253.0,82314.5,75450.9,1
2018-09-19,1256.37,1550.0,184378.0,183967.0,1
2018-09-20,1247.87,1489.0,48779.5,47735.3,1
2018-09-21,1259.58,1538.0,188139.0,183694.0,1
2018-09-24,1268.18,1667.0,156206.0,154208.0,1
2018-09-25,1261.13,1433.0,62394.2,57133.0,1
2018-09-26,1252.65,1548.0,181501.0,180150.0,1
2018-09-27,1253.7,1537.0,95297.9,94490.3,1
2018-09-28,1247.36,1550.0,88477.1,87627.2,1
2018-09-29,1230.12,1444.0,68137.2,66142.8,1
2018-10-01,1187.17,1617.0,101802.0,98963.6,1
2018-10-03,1173.73,1532.0,209300.0,202055.0,1
2018-10-04,1145.77,1397.0,70002.2,67416.2,1
2018-10-05,1185.29,1457.0,187153.0,186244.0,1
2018-10-06,1157.27,1361.0,51962.7,49136.7,1
2018-10-08,1177.08,1671.0,167286.0,159070.0,1
2018-10-10,1175.38,1538.0,124890.0,119291.0,1
2018-10-11,1168.07,1403.0,60397.1,58032.8,1
2018-10-12,1174.42,1499.0,177040.0,174587.0,1
2018-10-13,1177.3,1541.0,61660.2,58025.4,1
2018-10-15,1226.1,1468.0,51116.4,50127.7,1
2018-10-16,1217.28,1456.0,61181.1,59010.2,1
2018-10-17,1196.02,1582.0,70084.7,69272.2,1
2018-10-18,1249.56,1683.0,148469.0,148154.0,1
2018-10-20,1224.51,1388.0,51659.8,50990.0,1
2018-10-22,1238.64,1470.0,187013.0,184802.0,1
2018-10-23,1194.44,1440.0,50286.3,48723.2,1
2018-10-24,1218.9,1444.0,210080.0,208593.0,1
2018-10-26,1203.64,1667.0,128353.0,122786.0,1
2018-10-27,1184.15,1419.0,58231.3,53967.3,1
2018-10-29,1192.97,1494.0,192389.0,186210.0,1
2018-10-30,1200.9,1559.0,70055.0,67274.0,1
2018-10-31,1230.28,1456.0,64367.1,63592.1,1
2018-11-01,1215.34,1458.0,68133.4,67686.7,1
2018-11-02,1209.12,1507.0,64616.2,63491.4,1
2018-11-03,1247.73,1660.0,140115.0,138042.0,1
2018-11-05,1250.87,1429.0,51929.4,51496.8,1
2018-11-07,1290.79,1549.0,94444.0,94100.5,1
2018-11-08,1264.19,1418.0,35086.4,34124.9,1
2018-11-09,1243.94,1448.0,169712.0,164382.0,1
2018-11-10,1246.96,1503.0,88852.9,84391.3,1
2018-11-12,1236.44,1604.0,39490.5,36969.8,1
2018-11-13,1278.51,1992.0,164460.0,164460.0,1
2018-11-14,1345.11,1729.0,57188.0,56997.6,1
2018-11-15,1389.01,1647.0,53407.3,53407.3,1
2018-11-16,1333.2,1560.0,66934.6,66182.6,1
2018-11-17,1331.57,1617.0,111180.0,111180.0,1
2018-11-19,1347.7,1831.0,179114.0,176295.0,1
2018-11-20,1308.7,1513.0,59733.0,57713.8,1
2018-11-21,1314.13,1543.0,164845.0,160275.0,1
2018-11-22,1279.28,1474.0,45837.9,44219.7,1
2018-11-23,1287.05,1527.0,162380.0,154574.0,1
2018-11-24,1301.71,1547.0,82451.0,75874.2,1
2018-11-26,1336.48,1567.0,33678.7,33678.7,1
2018-11-27,1333.73,1596.0,164080.0,161099.0,1
2018-11-28,1352.82,1799.0,83412.3,82148.5,1
2018-11-29,1375.62,1817.0,87973.7,87973.7,1
2018-11-30,1347.93,1533.0,66121.5,65710.0,1
2018-12-01,1320.33,1656.0,104412.0,103160.0,1
2018-12-03,1307.13,1548.0,191851.0,177984.0,1
2018-12-04,1284.38,1552.0,53675.8,42830.3,1
2018-12-05,1303.55,1564.0,174305.0,172866.0,1
2018-12-06,1293.32,1589.0,39983.6,36127.8,1
2018-12-07,1324.13,1624.0,123918.0,123335.0,1
2018-12-08,1350.04,1723.0,75136.5,73864.7,1
2018-12-10,1322.62,1578.0,70045.6,67741.4,1
2018-12-11,1317.5,1673.0,176361.0,172127.0,1
2018-12-12,1314.39,1553.0,86371.0,78750.6,1
2018-12-13,1346.88,1715.0,101272.0,98965.4,1
2018-12-14,1326.59,1596.0,61205.2,57704.1,1
2018-12-15,1312.04,1550.0,81796.2,76859.4,1
2018-12-17,1327.2397290722404,1539.0,126065.5,121633.90000000001,2
2018-12-18,1311.0402819598114,1604.0,108931.5,107643.0,2
2018-12-19,1295.7318511387812,1637.0,150489.3,145484.5,2
2018-12-20,1304.842485815045,1551.0,124210.1,116884.4,2
2018-12-21,1331.7411643550113,1636.0,76986.9,73410.6,2
2018-12-22,1351.92,1521.0,35247.4,35247.4,1
2018-12-24,1307.24,1545.0,75727.6,70602.5,1
2018-12-26,1332.6,1559.0,102586.0,101492.0,1
2018-12-27,1307.57,1470.0,21319.0,20537.6,1
2018-12-28,1314.95,1529.0,106367.0,105324.0,1
2018-12-29,1281.0,1603.0,22339.7,15330.2,1
2018-12-31,1312.17,1608.0,121206.0,114482.0,1
2019-01-01,1325.5,1609.0,48927.2,48629.7,1
2019-01-02,1326.29,1532.0,35047.1,34619.4,1
2019-01-03,1328.97,1551.0,120514.0,120514.0,1
2019-01-04,1345.53,1663.0,44756.9,44084.6,1
2019-01-05,1387.97,1675.0,61607.5,61607.5,1
2019-01-07,1403.98,1692.0,63109.6,62874.6,1
2019-01-08,1393.26,1597.0,71614.6,71614.6,1
2019-01-09,1439.86,1702.0,106867.0,106450.0,1
2019-01-10,1391.92,1631.0,36209.4,35845.9,1
2019-01-11,1420.85,1640.0,140080.0,137994.0,1
2019-01-14,1475.96,1718.0,147581.0,146943.0,1
2019-01-16,1486.43,1914.0,65045.4,63157.0,1
2019-01-17,1500.01,1714.0,41630.0,41443.9,1
2019-01-18,1526.63,1767.0,116259.0,116259.0,1
2019-01-19,1544.04,1841.0,83508.7,80563.5,1
2019-01-21,1549.89,1866.0,113614.0,113614.0,1
2019-01-22,1511.17,1772.0,73699.9,72316.4,1
2019-01-23,1471.44,1707.0,84256.9,78014.8,1
2019-01-24,1522.9,1940.0,163075.0,158135.0,1
2019-01-25,1471.02,1678.0,22060.2,21579.2,1
2019-01-28,1463.61,1744.0,154300.0,143525.0,1
2019-01-29,1449.0099999999998,1568.0,30316.1,25860.7,1
2019-01-30,1476.25,1728.0,135476.0,134058.0,1
2019-01-31,1492.91,2009.0,90009.0,87968.0,1
2019-02-01,1448.29,1731.0,43259.4,39357.8,1
2019-02-02,1496.76,2017.0,112399.0,112399.0,1
2019-02-04,1479.47,1723.0,90172.2,87400.1,1
2019-02-05,1452.06,1740.0,65198.4,63845.5,1
2019-02-06,1460.21,1986.0,66521.7,64138.7,1
2019-02-07,1447.09,2008.0,77052.2,74985.7,1
2019-02-08,1418.15,1765.0,156256.0,147675.0,1
2019-02-09,1383.31,1672.0,37744.8,35461.6,1
2019-02-11,1331.25,1646.0,130395.0,125244.0,1
2019-02-12,1344.35,1511.0,30779.7,29041.3,1
2019-02-13,1414.46,1784.0,85442.2,84533.5,1
2019-02-14,1445.05,1692.0,54038.2,53856.2,1
2019-02-15,1434.17,1700.0,36825.9,35523.8,1
2019-02-16,1426.72,1724.0,92465.3,91106.7,1
2019-02-18,1393.82,1849.0,67427.7,63748.4,1
2019-02-19,1408.92,1691.0,65804.0,62959.1,1
2019-02-20,1382.45,1664.0,56123.1,52304.6,1
2019-02-21,1390.59,1740.0,84338.3,82490.8,1
2019-02-22,1433.37,1808.0,115116.0,114424.0,1
2019-02-23,1371.37,1552.0,27297.6,25157.6,1
2019-02-25,1407.7000000000003,1718.0,110680.0,110451.0,1
2019-02-26,1396.12,1650.0,15324.0,10782.1,1
2019-02-27,1397.69,1834.0,131632.0,125740.0,1
2019-02-28,1399.05,1724.0,82656.1,80581.2,1
2019-03-01,1383.21,1797.0,60914.6,55038.4,1
2019-03-02,1404.28,1743.0,106408.0,104774.0,1
2019-03-04,1414.18,1877.0,64390.4,63028.7,1
2019-03-05,1450.43,1820.0,44611.5,44611.5,1
2019-03-06,1424.95,1776.0,61235.1,60631.6,1
2019-03-07,1433.84,1750.5,70601.4,69006.3,1
2019-03-08,1447.88,1934.5,103788.0,100622.0,1
2019-03-09,1417.66,1642.0,35536.1,34468.4,1
2019-03-11,1409.56,1776.0,112842.0,109507.0,1
2019-03-12,1402.1,1679.0,23288.6,20945.4,1
2019-03-13,1423.25,1836.0,119660.0,115245.0,1
2019-03-14,1427.54,1800.0,73118.6,71185.7,1
2019-03-15,1422.05,1816.0,33687.0,32631.9,1
2019-03-16,1437.5,1740.0,94078.4,93789.7,1
2019-03-18,1471.23,1908.0,39683.0,39426.9,1
2019-03-19,1493.15,1839.0,70598.8,70598.8,1
2019-03-20,1463.71,1742.0,46350.9,45848.1,1
2019-03-21,1486.66,1726.0,75909.2,74637.7,1
2019-03-22,1526.16,1872.0,95239.1,95239.1,1
2019-03-23,1491.75,1732.0,20197.5,19299.4,1
2019-03-25,1521.7,1792.0,81775.7,81775.7,1
2019-03-26,1531.17,1754.0,20219.4,17597.9,1
2019-03-27,1568.07,1900.0,111148.0,110162.0,1
2019-03-28,1600.01,2016.0,52240.4,52086.4,1
2019-03-29,1595.35,2006.0,28734.1,27659.3,1
2019-03-30,1642.52,1873.0,78820.6,78599.7,1
2019-04-01,1692.03,1928.0,56027.4,55841.1,1
2019-04-02,1719.55,2201.0,66031.1,65095.1,1
2019-04-03,1642.48,2203.0,52684.2,51068.5,1
2019-04-04,1619.34,2033.0,95132.4,91576.3,1
2019-04-05,1663.9799999999998,2042.0,100239.0,99964.7,1
2019-04-06,1641.38,1864.0,18250.2,17889.5,1
2019-04-08,1629.9100000000003,1970.0,85073.5,82514.7,1
2019-04-10,1625.8699999999997,1925.0,89839.1,87427.4,1
2019-04-11,1657.14,1992.0,51751.1,50014.2,1
2019-04-12,1622.74,2004.0,22549.9,19544.2,1
2019-04-13,1711.78,1934.0,52976.9,52976.9,1
2019-04-16,1760.12,2127.0,34453.0,34254.5,1
2019-04-17,1786.66,2000.0,39461.7,39003.5,1
2019-04-22,1752.54,2098.0,68850.6,68091.8,1
2019-04-24,1833.2043583034404,2112.0,60166.4,59963.7,2
2019-04-25,1897.1673073923062,2210.0,34642.799999999996,33846.0,2
2019-04-26,2135.4035774903414,3000.0,75266.20000000001,73198.8,2
2019-04-27,2164.80518882816,2530.0,58428.8,58346.7,2
2019-04-29,2319.398617829228,2678.0,68845.2,68665.9,2
2019-04-30,2344.270260835908,3622.0,62265.2,62265.2,2
2019-05-01,2453.3120266389224,2763.0,55511.6,55362.6,2
2019-05-02,2314.31,2760.0,31554.1,31470.5,1
2019-05-03,2451.200073390671,4000.0,100972.4,98840.9,2
2019-05-04,2456.5329632015705,2901.0,47121.7,45635.1,2
2019-05-06,2637.3925669364567,2946.0,49650.3,49248.2,2
2019-05-07,2626.433942175245,3273.0,50449.8,49802.2,2
2019-05-08,2675.4933689551503,3288.0,51322.9,50493.4,2
2019-05-09,2552.8758326965376,3002.0,45685.5,45147.899999999994,2
2019-05-10,2569.288523371448,2951.0,97273.5,91819.3,2
2019-05-11,2474.785179476194,2976.0,60684.2,52282.7,2
2019-05-13,2282.0152986265302,2750.0,64026.5,53776.2,2
2019-05-14,2304.472744871547,2696.0,63959.6,51770.0,2
2019-05-15,2392.4756915583503,2844.0,51906.0,49807.8,2
2019-05-16,2459.47,2814.0,21611.6,21611.6,1
2019-05-17,2459.019879102556,2835.0,53527.2,52598.3,2
2019-05-18,2412.26,2801.0,22870.6,22375.5,1
2019-05-20,2419.510373724407,2778.0,48673.4,37080.8,2
2019-05-21,2367.7211119949648,2776.0,54251.0,48776.3,2
2019-05-22,2342.2801982882147,2754.0,34505.6,30985.2,2
2019-05-23,2353.1847607856307,2714.0,23640.4,19658.1,2
2019-05-24,2366.251057944526,2751.0,52563.4,47272.8,2
2019-05-25,2297.2918626098904,2640.0,40565.2,37560.2,2
2019-05-27,2352.6,2628.0,11281.7,10934.1,1
2019-05-28,2382.0542595330216,2712.0,48765.8,47351.2,2
2019-05-29,2408.6321793173624,2710.0,36795.5,36162.700000000004,2
2019-05-30,2423.89,2738.0,16224.7,16014.7,1
2019-05-31,2440.6703828286877,2749.0,56357.3,55646.3,2
2019-06-03,2490.0582617075484,2871.0,36267.2,36267.2,2
2019-06-04,2579.819364421185,2940.0,34514.3,34414.3,2
2019-06-06,2547.43,4012.0,17739.2,17670.7,1
2019-06-07,2512.49852395659,2790.0,30240.5,28979.5,2
2019-06-08,2576.010663335859,2901.0,42465.7,42232.0,2
2019-06-10,2528.4499999999994,2872.0,17523.7,15976.1,1
2019-06-12,2581.3726075426625,3003.0,67113.4,63200.5,2
2019-06-13,2623.903099673185,2938.0,37234.9,37085.2,2
2019-06-14,2679.81,2910.0,14720.9,14720.9,1
2019-06-15,2809.131075211469,4503.0,47171.3,46874.5,2
2019-06-18,3153.1424790385013,3413.0,37175.3,37175.3,2
2019-06-19,3136.4172075544107,3999.0,49430.0,48988.6,2
2019-06-20,3244.84,5000.0,13951.2,13951.2,1
2019-06-21,3156.44,3470.0,24108.2,24108.2,1
2019-06-22,3099.242855128321,5734.0,45067.9,43044.3,2
2019-06-24,2941.88,3382.0,20027.8,15059.3,1
2019-06-26,3073.0781002722606,4035.0,63684.8,57738.8,2
2019-06-27,3132.9895427972606,3504.0,46409.7,45518.100000000006,2
2019-06-28,3074.05,3421.0,22315.9,22315.9,1
2019-06-29,3246.6172558118355,6000.0,48720.4,48315.200000000004,2
2019-07-02,3311.246474865634,3641.0,40486.399999999994,40486.399999999994,2
2019-07-03,3149.4597718499663,3597.0,37338.3,36138.5,2
2019-07-04,3259.72,3601.0,16477.3,16477.3,1
2019-07-05,3214.3,3599.0,19362.3,18176.6,1
2019-07-06,3188.2326215907456,3811.0,41399.100000000006,41053.700000000004,2
2019-07-08,3110.594058441966,3645.0,37533.9,31881.2,2
2019-07-10,3096.5124660633483,3553.5,48776.1,44111.600000000006,2
2019-07-11,3246.74,4038.0,18282.9,18282.9,1
2019-07-12,3246.66,3648.0,13100.3,13100.3,1
2019-07-13,3430.4,3730.0,5700.3,5700.3,1
2019-07-15,3372.75,3947.0,13639.9,13614.2,1
2019-07-16,3652.8641267266935,4948.0,37857.2,37550.1,2
2019-07-17,3631.3971116553985,4273.0,35071.3,35071.3,2
2019-07-18,3832.67,5484.0,16755.7,16755.7,1
2019-07-19,3713.74,4208.0,14241.9,14241.9,1
2019-07-20,3683.91,4149.0,30433.1,30433.1,1
2019-07-22,3613.520828357568,4198.0,20329.6,18623.6,2
2019-07-24,3538.937873882422,4197.0,40542.5,36675.3,2
2019-07-25,3655.35,4192.0,20573.7,20573.7,1
2019-07-26,3682.8,4121.0,12114.2,11861.9,1
2019-07-27,3799.842157344715,4225.0,40157.9,40113.2,2
2019-07-29,3626.48,4038.0,15104.3,15104.3,1
2019-07-30,3936.9115056361343,4304.0,38544.9,38492.7,2
2019-07-31,3984.7769485820727,5006.0,38362.7,38119.0,2
2019-08-01,4250.75,4614.0,23234.7,23234.7,1
2019-08-02,4454.005998032459,4884.0,18445.2,18195.3,2
2019-08-03,4674.705358175881,7000.0,34938.5,34883.7,2
2019-08-05,4385.136910985612,5047.0,42092.3,41186.6,2
2019-08-06,4309.277896335741,4892.0,34618.3,34102.4,2
2019-08-07,3804.854744888881,4764.0,50854.3,45523.3,2
2019-08-08,3744.7800000000007,4274.0,43159.2,36062.6,1
2019-08-09,3739.05,4462.0,21991.6,20315.2,1
2019-08-10,4047.112539434782,4636.0,43803.0,42988.7,2
2019-08-13,3893.951830105752,4465.0,35438.6,28963.899999999998,2
2019-08-14,3811.9116012186387,4358.0,28790.1,28490.800000000003,2
2019-08-16,3225.884720003814,3968.0,46442.1,37752.3,2
2019-08-17,3059.5,3766.0,36428.4,27641.8,1
2019-08-19,2588.110324670565,3383.0,48351.1,40933.8,2
2019-08-20,2351.5803670447112,3096.0,83227.9,79761.4,2
2019-08-21,2735.7348018269918,3386.0,38839.8,38839.8,2
2019-08-22,3045.87885664721,3863.0,24380.199999999997,23864.9,2
2019-08-23,2615.2251142224313,3519.0,44066.100000000006,43568.5,2
2019-08-24,2648.032007369876,3700.0,43100.0,42334.5,2
2019-08-26,2675.77,3326.0,30150.4,29849.9,1
2019-08-27,2752.713435932943,3384.0,58162.6,57193.2,2
2019-08-28,2930.677470257295,3352.0,34411.8,34411.8,2
2019-08-29,3031.1073146161157,3777.0,44828.6,44828.6,2
2019-08-30,2860.2692894506254,3352.0,58630.2,56491.5,2
2019-08-31,2719.6834001633447,3338.0,57604.2,54730.9,2
2019-09-02,2668.4805965318974,3637.5,49596.8,48141.600000000006,2
2019-09-03,2786.66921215475,3413.0,44762.3,43551.7,2
2019-09-04,2794.268812438993,3527.0,53174.8,52042.8,2
2019-09-05,2923.3283815408886,3632.0,42593.600000000006,42593.600000000006,2
2019-09-06,2959.5766406025928,3618.0,61232.899999999994,61016.3,2
2019-09-07,3057.019636200301,3453.0,51408.8,51316.7,2
2019-09-09,2979.205973994112,3663.0,57211.600000000006,56248.8,2
2019-09-10,3000.4814180622247,3777.0,85781.0,84619.7,2
2019-09-12,3029.5566753547755,3521.0,52438.399999999994,51603.1,2
2019-09-13,3155.7721755308617,3672.0,59097.3,59097.3,2
2019-09-14,3193.7031315483746,3589.0,55510.5,55519.5,2
2019-09-16,3341.971972442353,3696.0,56046.100000000006,55636.100000000006,2
2019-09-17,3413.2213507989873,3820.0,60300.0,60232.5,2
2019-09-18,3371.2181708281896,3883.0,88796.7,87972.6,2
2019-09-19,3319.801363320122,3717.0,64360.5,63961.5,2
2019-09-20,3208.705994087225,3649.0,71629.20000000001,66533.9,2
2019-09-21,3083.218125164251,3495.0,79422.9,68112.1,2
2019-09-23,3032.3681694230277,3436.0,69521.1,67849.1,2
2019-09-24,2777.9773247460084,3143.0,65681.4,63388.0,2
2019-09-25,2863.0229789442114,3342.0,100625.2,92696.6,2
2019-09-26,2898.5772826813127,3352.0,57167.9,56879.6,2
2019-09-27,3074.835211098088,3484.0,54005.7,54005.7,2
2019-09-28,2959.455347360283,3328.0,71224.8,68810.4,2
2019-09-30,2837.872080936045,3266.0,70445.9,65090.9,2
2019-10-01,2829.512095065158,3165.0,66040.0,64873.399999999994,2
2019-10-03,2908.8106511967626,3170.0,83013.29999999999,79957.4,2
2019-10-04,2934.8437854108365,3334.0,60656.9,59035.600000000006,2
2019-10-05,2954.058830108461,3424.0,58016.0,56167.6,2
2019-10-07,2932.835989350492,3241.0,59105.8,55138.7,2
2019-10-09,2932.966552878793,3378.0,65403.3,63252.2,2
2019-10-10,2856.6086763851904,3160.0,65233.600000000006,63198.9,2
2019-10-11,2852.337936510238,3597.0,121559.6,117256.70000000001,2
2019-10-12,2817.009221938237,3285.0,67815.1,66278.8,2
2019-10-14,2690.3515323930305,3319.0,85965.0,84370.0,2
2019-10-15,2553.1211116424083,3051.0,74709.5,71941.3,2
2019-10-16,2554.623896437317,2800.0,64248.700000000004,59828.5,2
2019-10-17,2511.2451861070854,2831.0,74995.4,73559.8,2
2019-10-18,2393.1994412496633,2858.0,96350.1,92825.0,2
2019-10-19,2336.181069087893,2618.0,66266.8,65823.4,2
2019-10-21,2241.4851358672327,2605.0,43081.5,41938.0,2
2019-10-22,2254.364504908075,2667.0,56094.6,51231.9,2
2019-10-23,2310.6209471315065,2804.0,49254.4,48340.7,2
2019-10-24,2402.5234296132608,2774.0,54556.600000000006,52901.299999999996,2
2019-10-25,2497.533438297252,3002.0,63159.399999999994,61735.5,2
2019-10-26,2434.15,2699.0,29647.2,28624.6,1
2019-10-28,2518.401203144477,2737.0,22502.3,21739.7,2
2019-10-29,2464.636149882707,3122.0,34729.4,33207.3,2
2019-10-30,2451.433450195597,2865.0,32031.5,30931.0,2
2019-10-31,2377.7569027274676,2795.0,57184.5,55461.7,2
2019-11-01,2444.4261431990344,2883.0,73389.4,70824.5,2
2019-11-02,2511.044857341684,2759.0,40872.4,40810.8,2
2019-11-04,2681.7619005523434,2902.0,38962.0,38744.0,2
2019-11-05,2661.7337933094905,2893.0,58692.8,57068.9,2
2019-11-06,2725.417655591902,2942.0,57552.9,57196.100000000006,2
2019-11-07,2684.051045371831,2919.0,54004.399999999994,52865.4,2
2019-11-08,2603.235569869629,2883.0,106431.7,101671.5,2
2019-11-09,2565.464721412323,2880.0,57837.7,56179.799999999996,2
2019-11-11,2720.092550689537,2930.0,57984.4,57886.7,2
2019-11-12,2686.361025641026,2872.5,63330.7,61214.399999999994,2
2019-11-13,2713.9288850722774,3001.0,63756.2,63581.7,2
2019-11-14,2735.487891285645,3002.0,85638.6,82412.3,2
2019-11-15,2788.7750164513823,3333.0,105711.6,105310.3,2
2019-11-16,2884.908979306087,3139.0,68084.1,67705.9,2
2019-11-18,2947.3978013670144,3225.0,82471.7,82471.7,2
2019-11-19,2946.8550151880636,3218.0,117132.79999999999,107452.8,2
2019-11-20,2934.186964372405,3203.0,94223.4,93312.5,2
2019-11-21,2815.997780857818,3087.0,96554.5,93180.6,2
2019-11-22,2860.555586963191,3271.0,132938.6,130053.29999999999,2
2019-11-23,2889.256549248017,3144.0,71295.9,70633.3,2
2019-11-25,2930.8533333057217,3200.0,109069.1,108648.9,2
2019-11-26,2923.1368138247603,3206.0,80154.4,79254.9,2
2019-11-27,2921.2009079483555,3252.0,86566.90000000001,86011.5,2
2019-11-28,2918.5352892528713,3186.0,89164.1,86927.4,2
2019-11-29,2888.80356598688,3268.0,140937.40000000002,138126.7,2
2019-11-30,2884.602751596612,3153.0,91926.0,90707.7,2
2019-12-02,2854.0064046978578,3140.0,102671.79999999999,98402.3,2
2019-12-03,2810.7276837923346,3156.0,103714.6,96052.7,2
2019-12-04,2806.9261245866683,3130.0,98375.6,92298.8,2
2019-12-05,2828.10656020254,3168.0,81667.3,77653.7,2
2019-12-06,2911.827156650851,3243.0,102411.6,101650.9,2
2019-12-07,2882.09890229018,3173.0,69853.0,69396.3,2
2019-12-09,2974.84562162345,3226.0,95392.29999999999,94586.20000000001,2
2019-12-10,2944.7186183177396,3220.0,83377.9,80554.7,2
2019-12-11,2957.9698123226312,3256.0,81231.90000000001,80904.8,2
2019-12-12,2931.5230538845813,3205.0,106334.9,103532.40000000001,2
2019-12-13,2943.0104575996425,3504.0,127779.9,123496.6,2
2019-12-14,2963.337608730486,3278.0,97622.6,96732.3,2
2019-12-16,3094.336699460758,3407.0,88604.9,87048.2,2
2019-12-17,3189.9776270984153,3452.0,103089.5,100546.1,2
2019-12-18,3366.745991125596,3687.0,86818.29999999999,86405.8,2
2019-12-19,3238.4425298343417,3586.0,92476.79999999999,91622.6,2
2019-12-20,3245.73205603878,3605.0,166026.40000000002,155563.7,2
2019-12-21,3291.6850608172517,3637.0,91398.0,90525.3,2
2019-12-23,3513.3796530813265,3913.0,99411.0,98579.3,2
2019-12-24,3493.0940920618937,4021.5,85391.70000000001,84221.6,2
2019-12-26,3429.715672593471,3698.0,93113.3,86179.1,2
2019-12-27,3424.191652608928,3758.0,85028.3,79837.4,2
2019-12-28,3603.987525553102,5513.0,124490.4,123096.6,2
2019-12-30,3825.258794961157,4303.0,70170.7,69523.9,2
2019-12-31,3793.997511289868,6016.0,57034.3,56688.0,2
2020-01-01,3755.670598866379,6104.0,105725.40000000001,97704.6,2
2020-01-02,3784.0955398173223,4514.0,91917.8,89633.09999999999,2
2020-01-03,3882.4704925274746,4295.0,65244.8,64469.5,2
2020-01-04,4057.645074399831,7000.0,129774.70000000001,126747.6,2
2020-01-06,3945.5277919441287,4304.0,81329.6,78809.6,2
2020-01-07,3867.8101372863457,4404.0,102272.0,89484.5,2
2020-01-08,3874.192911613492,4200.0,47063.9,45689.100000000006,2
2020-01-09,3879.583433418875,4266.5,95834.40000000001,91924.7,2
2020-01-10,3845.5556305670348,4223.0,99616.0,95338.0,2
2020-01-11,3818.771785708248,5057.0,127928.3,118308.8,2
2020-01-13,3670.1927353846863,4171.0,80280.5,78133.8,2
2020-01-14,3675.8399999999997,3984.0,31161.9,27625.7,1
2020-01-16,3942.083769919433,4439.0,61713.7,59602.6,2
2020-01-17,3907.2610483979247,4292.0,51819.3,49155.0,2
2020-01-18,3764.7099999999996,4050.0,41344.2,39107.1,1
2020-01-20,3750.337602326981,4308.0,125206.1,117439.70000000001,2
2020-01-21,3667.885763613652,4132.0,55623.6,52757.700000000004,2
2020-01-22,3800.853961270251,4284.0,41768.6,41270.6,2
2020-01-23,3718.406783270585,4351.0,52441.5,47571.3,2
2020-01-24,3692.273944130122,4157.0,61037.200000000004,55357.200000000004,2
2020-01-25,3615.6880153364727,3992.0,59617.7,54197.600000000006,2
2020-01-27,3726.7213783483194,4162.0,65852.2,63658.8,2
2020-01-28,3673.6932416183163,3999.0,42107.5,40916.600000000006,2
2020-01-29,3660.3780625083064,3905.0,23631.699999999997,22573.0,2
2020-01-30,3666.5011177597735,4002.0,62866.0,59494.0,2
2020-01-31,3608.5140180877597,4305.0,56959.6,54279.8,2
2020-02-01,3425.78152717294,3932.0,47578.8,43583.8,2
2020-02-03,3489.8249447816274,3811.0,82204.8,80371.79999999999,2
2020-02-04,3427.4900000000002,3741.0,23842.1,23725.8,1
2020-02-05,3500.681985109063,3964.0,35395.1,33416.3,2
2020-02-06,3572.8073348337466,4065.0,42761.8,40699.9,2
2020-02-07,3558.7922076053983,4003.0,32187.100000000002,30588.800000000003,2
2020-02-08,3621.897521229286,4095.0,42310.5,41240.2,2
2020-02-10,3742.0401020622276,4409.0,66352.0,65293.5,2
2020-02-11,3614.4664135717103,4183.0,49205.5,48377.1,2
2020-02-12,3576.7500000000005,4003.0,27061.7,24964.2,1
2020-02-13,3520.807464273051,4049.0,81078.4,76147.0,2
2020-02-14,3350.3797445099963,3881.0,67599.1,53274.1,2
2020-02-15,3389.27,3987.0,45218.7,44088.8,1
2020-02-17,3374.989403249379,3986.0,83410.7,77590.20000000001,2
2020-02-18,3256.36,3686.0,37952.1,36464.8,1
2020-02-19,3261.0728015455293,3783.0,50389.1,49303.5,2
2020-02-20,3116.735094341771,3606.0,49634.100000000006,43909.5,2
2020-02-21,3106.188110735717,3596.0,51426.8,46676.9,2
2020-02-22,2904.2691203101726,3524.0,63032.3,54988.7,2
2020-02-24,2857.1431779437003,3538.0,75731.5,70742.6,2
2020-02-25,2762.0526413947846,3276.0,43569.700000000004,42294.700000000004,2
2020-02-26,2966.24,3482.0,18872.5,18872.5,1
2020-02-27,3211.4071403859016,3779.0,37795.4,36765.8,2
2020-02-28,3067.3511938101055,3543.0,46034.0,44692.2,2
2020-02-29,3006.43,3492.0,32376.9,32376.9,1
2020-03-02,2974.8151909264075,3713.0,79560.3,77645.1,2
2020-03-03,2740.19,3442.0,37235.3,37069.5,1
2020-03-04,2661.1917148799707,3463.0,64733.5,60868.399999999994,2
2020-03-05,2627.66,3178.0,22250.2,21385.3,1
2020-03-06,2728.76,3421.0,42413.2,40945.5,1
2020-03-07,2750.830477402838,3410.0,51120.8,49450.899999999994,2
2020-03-09,2788.275568606188,3492.0,54037.4,54037.4,2
2020-03-10,2727.253278650888,3477.0,44477.6,43121.7,2
2020-03-11,2741.72,3417.0,28257.8,28031.0,1
2020-03-12,2644.2087997397953,3415.0,50591.100000000006,45195.2,2
2020-03-13,2386.9370164865268,3140.0,74162.2,52200.2,2
2020-03-18,2382.18,3026.0,30589.8,28991.4,1
2020-03-19,2347.5626736987842,3198.0,40285.5,40158.600000000006,2
2020-05-28,1769.93,2410.0,16219.2,16104.5,1
2020-06-03,1850.89,2573.0,18956.8,18956.8,1
2020-06-04,1617.51,2193.0,12055.5,12055.5,1
2020-06-05,1780.43,2210.0,9125.1,9125.1,1
2020-06-06,1724.2000000000003,2324.0,11345.2,11345.2,1
2020-06-08,1782.9599999999998,2569.0,49854.3,49854.3,1
2020-06-09,1626.51,2214.0,6153.6,6153.6,1
2020-06-10,1658.31,2377.0,52912.5,52912.5,1
2020-06-12,1533.03,2384.0,57893.3,57696.1,1
2020-06-13,1440.28,2126.0,37599.6,37599.6,1
2020-06-15,1145.35,1758.0,50032.6,37787.8,1
2020-06-16,1069.57,1700.0,52511.8,49234.9,1
2020-06-17,1215.8,1758.0,63072.3,61559.6,1
2020-06-19,1335.71,1835.0,15104.3,13976.9,1
2020-06-22,1348.9,1917.0,56028.9,56028.9,1
2020-06-23,1443.68,2000.0,36461.5,36461.5,1
2020-06-24,1478.87,2221.0,19295.8,18435.8,1
2020-06-25,1654.4,2290.0,31570.9,31570.9,1
2020-06-26,1687.92,2163.0,18738.4,18487.5,1
2020-06-27,1674.45,2292.0,42266.3,42266.3,1
2020-06-29,1658.38,2314.0,64907.2,55756.8,1
2020-06-30,1553.67,2132.0,17606.1,17606.1,1
2020-07-01,1615.08,2240.0,54930.3,54496.2,1
2020-07-02,1658.71,2186.0,40221.7,40221.7,1
2020-07-03,1811.45,2440.0,26322.3,26232.0,1
2020-07-04,1696.6100000000001,2220.0,54114.3,49897.0,1
2020-07-06,1586.8500000000001,2234.0,53610.3,45995.3,1
2020-07-07,1600.13,2177.0,54806.7,54135.7,1
2020-07-08,1665.5,2268.0,85978.8,85397.6,1
2020-07-09,1595.96,2100.0,26990.8,26686.1,1
2020-07-10,1615.58,2239.0,76274.3,75911.2,1
2020-07-13,1630.07,2278.0,92565.3,79676.0,1
2020-07-14,1619.57,2226.0,61281.6,61195.4,1
2020-07-15,1603.96,2157.0,32716.9,32433.0,1
2020-07-16,1648.71,2250.0,55662.4,54894.7,1
2020-07-17,1597.65,2269.0,67464.0,65759.7,1
2020-07-18,1670.67,2436.0,29824.6,28962.4,1
2020-07-22,1624.12,2192.0,83165.4,82083.5,1
2020-07-24,1582.9599999999998,2290.0,58311.8,57314.2,1
2020-07-25,1538.36,2184.0,89374.7,87226.5,1
2020-07-28,1596.16,2277.0,90474.6,88495.2,1
2020-07-30,1573.4400000000003,2164.0,60017.3,48965.8,1
2020-08-01,1503.37,2218.0,82474.6,81630.8,1
2020-08-03,1402.3500000000001,2020.0,53263.5,51805.1,1
2020-08-04,1401.8,2002.0,106303.1,103616.7,1
2020-08-05,1462.21,2323.0,81614.7,79102.6,1
2020-08-06,1483.06,2103.0,43341.5,42734.6,1
2020-08-07,1681.01,2149.0,75353.8,75294.8,1
2020-08-08,1775.98,2451.0,53055.6,52776.4,1
2020-08-10,1950.36,2541.0,53567.3,52464.6,1
2020-08-11,1725.28,2602.0,103127.4,91216.5,1
2020-08-12,1756.35,2461.0,56640.9,55806.3,1
2020-08-13,1818.3,2466.0,61783.5,58856.6,1
2020-08-14,1855.56,2502.0,85757.5,85236.2,1
2020-08-17,1760.5199999999998,2371.5,55109.6,51870.4,1
2020-08-18,1758.04,2480.0,74266.6,73347.9,1
2020-08-19,1731.61,2172.0,34623.8,31094.8,1
2020-08-20,1809.06,2413.0,87308.1,83405.8,1
2020-08-21,1760.8399999999997,2479.0,77004.2,76485.7,1
2020-08-22,1744.1199999999997,2299.0,42518.5,41951.8,1
2020-08-24,1740.44,2207.0,73124.9,70371.4,1
2020-08-25,1675.31,2128.0,73926.7,72320.7,1
2020-08-26,1741.31,2284.0,65777.0,63165.3,1
2020-08-27,1662.41,2326.0,83361.4,81696.3,1
2020-08-28,1688.56,2268.0,69831.0,67173.5,1
2020-08-29,1771.48,2298.0,72527.9,71428.5,1
2020-09-01,1760.6000000000001,2336.0,91516.3,83090.9,1
2020-09-02,1714.04,2274.0,50041.4,49050.8,1
2020-09-03,1761.99,2361.0,80339.3,79982.0,1
2020-09-04,1740.86,2156.0,45212.1,44488.8,1
2020-09-05,1777.6299999999999,2290.0,94338.1,91638.1,1
2020-09-07,1760.81,2656.0,84218.5,74489.5,1
2020-09-08,1702.04,2141.0,55915.5,52995.3,1
2020-09-09,1701.38,2146.0,89711.5,89183.2,1
2020-09-10,1672.6099999999997,2361.0,83475.3,80718.2,1
2020-09-11,1741.13,2224.0,73438.7,71849.8,1
2020-09-12,1710.94,2206.5,68213.5,64900.3,1
2020-09-14,1607.48,2099.0,80390.3,77217.8,1
2020-09-15,1643.49,2079.0,88016.0,87034.0,1
2020-09-16,1599.15,2104.0,117639.1,114568.8,1
2020-09-17,1570.22,1995.0,50076.7,44486.5,1
2020-09-18,1560.3899999999999,2008.0,96435.1,95312.9,1
2020-09-19,1445.12,1726.0,48031.2,38533.5,1
2020-09-21,1505.16,1808.0,79004.0,74404.1,1
2020-09-22,1486.15,2245.0,80115.5,77855.5,1
2020-09-23,1505.23,1904.0,37077.0,36079.7,1
2020-09-24,1543.51,1992.0,78617.0,76041.5,1
2020-09-25,1573.99,2109.0,55335.3,54928.4,1
2020-09-26,1634.49,1929.0,39345.1,36207.1,1
2020-09-28,1571.9600000000003,1927.0,64124.1,61362.7,1
2020-09-29,1510.45,1888.0,69160.9,64963.7,1
2020-09-30,1538.08,1854.0,66574.9,65749.9,1
2020-10-01,1513.2236674563344,1854.0,112307.8,107344.70000000001,2
2020-10-03,1447.7931137795126,1835.0,114278.29999999999,109453.79999999999,2
2020-10-05,1495.0088636617638,2074.0,137034.2,129741.3,2
2020-10-06,1562.3270715761223,1850.0,76582.4,75712.4,2
2020-10-07,1581.32,2084.0,55145.6,53793.0,1
2020-10-08,1501.9813599133586,1859.0,90891.1,85317.2,2
2020-10-09,1498.0991211507826,1864.0,142681.0,136401.1,2
2020-10-10,1480.9601314697825,1902.0,101625.29999999999,98836.4,2
2020-10-12,1469.3603109823136,1787.0,105657.59999999999,99864.20000000001,2
2020-10-13,1459.023159355958,2406.0,97018.90000000001,87093.70000000001,2
2020-10-14,1413.381971833166,1893.0,118948.6,116278.6,2
2020-10-15,1421.822949487407,1854.0,94902.9,92939.2,2
2020-10-16,1389.2399505432363,1877.0,95125.8,86297.6,2
2020-10-17,1454.306850912809,1948.0,84638.4,84108.5,2
2020-10-19,1434.5393182489552,1775.0,103052.2,98848.4,2
2020-10-20,1476.9731457917294,2512.0,117593.6,116073.8,2
2020-10-21,1487.9151814213217,1818.0,72402.1,70485.1,2
2020-10-22,1525.1755389281388,2266.0,97961.9,96079.6,2
2020-10-23,1488.449080165037,1815.0,86894.70000000001,83496.5,2
2020-10-24,1490.511004804866,1827.0,152594.9,151055.2,2
2020-10-26,1406.9501682151554,1738.0,113286.9,107933.2,2
2020-10-27,1403.9266209797836,2142.0,123372.4,118473.1,2
2020-10-28,1403.7763894043912,2209.0,90500.4,80557.9,2
2020-10-29,1419.165425674302,1939.0,115582.5,115582.5,2
2020-10-30,1495.54,2164.0,30222.9,28250.4,1
2020-10-31,1430.327422884327,1940.0,104195.8,100709.1,2
2020-11-02,1394.6070742146367,1898.0,119073.3,112826.8,2
2020-11-03,1334.5916946200168,1720.0,116600.29999999999,112520.79999999999,2
2020-11-04,1337.919065029005,2100.0,140483.2,130201.90000000001,2
2020-11-05,1353.4415995062786,1715.0,84348.9,80774.3,2
2020-11-06,1357.47,1700.0,53846.5,53753.6,1
2020-11-07,1362.3104850768357,1730.0,90023.8,86151.3,2
2020-11-09,1484.583615963218,1885.0,121656.29999999999,120755.1,2
2020-11-10,1437.9047167695821,1844.0,79470.5,78753.9,2
2020-11-11,1394.94873460959,1731.0,115035.59999999999,107794.4,2
2020-11-12,1423.6427121410145,2019.0,88420.5,87684.6,2
2020-11-13,1451.76,1762.0,54955.2,53743.4,1
2020-11-16,1506.162075765883,1887.0,73043.1,72409.9,2
2020-11-17,1438.5809797342563,1766.0,109430.5,105981.8,2
2020-11-18,1437.520799011288,1830.0,100609.7,94506.8,2
2020-11-19,1426.9159681553397,1824.0,84371.9,83687.5,2
2020-11-20,1483.132723581423,1984.0,106786.6,106786.6,2
2020-11-21,1537.5573038544835,1854.0,76511.4,75263.0,2
2020-11-23,1634.7524437057182,2400.0,121229.2,120718.3,2
2020-11-24,1564.8199756049935,2152.0,116032.5,113178.9,2
2020-11-25,1585.926388604483,1955.0,172005.0,167307.90000000002,2
2020-11-26,1627.4001653133062,1988.0,99653.20000000001,99653.20000000001,2
2020-11-27,1675.7748233828743,2525.0,96801.79999999999,95859.9,2
2020-11-28,1632.6416375085068,2158.0,116033.59999999999,113438.8,2
2020-11-30,1590.3071776361244,1981.0,155171.90000000002,153426.0,2
2020-12-01,1602.0953511833882,1998.0,97716.6,93135.1,2
2020-12-02,1604.7143451627428,2088.0,143647.0,141241.2,2
2020-12-03,1652.0137680135854,1986.0,116021.29999999999,114122.2,2
2020-12-04,1662.032080670012,2018.0,116715.09999999999,116177.0,2
2020-12-05,1661.7278097170429,2401.0,149200.5,148796.3,2
2020-12-07,1656.13497526148,2014.0,125606.20000000001,123451.2,2
2020-12-08,1656.094275507151,2003.0,113987.0,112974.2,2
2020-12-09,1646.2207752473055,2054.0,113237.4,106194.5,2
2020-12-10,1720.884225616674,2056.0,155790.8,154867.09999999998,2
2020-12-11,1707.4368344572679,2101.0,101512.1,100673.1,2
2020-12-12,1717.4163069094918,2146.0,118750.3,117917.5,2
2020-12-14,1775.56,2141.0,35792.8,35792.8,1
2020-12-15,1834.4205748843212,2283.0,134582.3,133235.5,2
2020-12-16,1961.6071100840672,2400.0,97646.0,97410.1,2
2020-12-17,1845.3069732421482,2241.0,150675.3,148883.4,2
2020-12-18,1852.996727355848,2278.0,160342.2,137806.0,2
2020-12-19,1791.389461360271,2190.0,134680.5,130413.7,2
2020-12-21,1752.3540893652728,2399.0,180330.7,167913.09999999998,2
2020-12-22,1694.0843348918986,2147.0,98477.09999999999,94189.2,2
2020-12-23,1690.9,1979.0,65524.3,65524.3,1
2020-12-24,1725.8337156320881,2164.0,105367.3,102370.20000000001,2
2020-12-26,1835.1980186042604,2288.0,144363.9,142763.0,2
2020-12-28,1810.8679779970143,2233.0,92891.4,91914.8,2
2020-12-29,1747.5165862284314,2022.0,142819.8,130182.7,2
2020-12-30,1758.8459344253417,2343.0,115979.9,110805.0,2
2020-12-31,1690.525056125165,2197.0,145324.3,142378.2,2
2021-01-01,1710.8900000000003,2304.0,57586.5,51907.2,1
2021-01-02,1685.68,2100.0,76786.4,67074.6,1
2021-01-04,1641.2804136122527,2106.0,110518.29999999999,90415.6,2
2021-01-05,1613.3297445298258,2092.0,91025.5,87008.20000000001,2
2021-01-06,1669.326051810647,2213.0,81677.3,80717.0,2
2021-01-07,1690.3934052486381,2205.0,64469.3,62202.8,2
2021-01-08,1676.87,2056.0,38144.0,37588.6,1
2021-01-09,1676.5255936988517,2072.0,114731.7,108386.6,2
2021-01-11,1636.6482902562136,1970.0,130508.40000000001,127151.8,2
2021-01-12,1549.7648419571133,1972.0,109513.8,101817.3,2
2021-01-13,1586.65,1884.0,66629.5,64050.6,1
2021-01-15,1658.4190884302411,2082.0,71780.8,69973.8,2
2021-01-16,1652.23,1913.0,23019.2,23019.2,1
2021-01-19,1607.8097903729624,1978.0,96004.6,90599.0,2
2021-01-20,1615.1712769557776,2098.0,87750.7,84448.5,2
2021-01-21,1545.1869740807426,1968.5,88971.7,83088.8,2
2021-01-22,1573.8175150070072,2078.0,123371.1,118311.4,2
2021-01-23,1580.164346865075,2030.0,61915.0,56959.9,2
2021-01-25,1574.83,1912.0,53867.5,52709.8,1
2021-01-27,1545.6523841363048,1961.0,77835.20000000001,74421.5,2
2021-01-28,1605.397922023622,2348.0,107243.0,106909.29999999999,2
2021-01-29,1513.0188712509694,2011.0,63397.9,58541.8,2
2021-01-30,1459.6012260702753,1908.0,74879.5,68863.1,2
2021-02-01,1455.84,2148.0,61246.4,59157.1,1
2021-02-02,1528.6272032503232,2043.0,95484.0,95129.0,2
2021-02-03,1575.21,2024.0,36129.4,34384.9,1
2021-02-04,1574.357012299605,1985.0,94391.5,90515.1,2
2021-02-05,1573.8726204334364,2124.0,95549.9,87210.0,2
2021-02-06,1509.1423623043531,1964.0,91421.5,85830.59999999999,2
2021-02-08,1523.5731150852062,2100.0,117646.20000000001,104963.1,2
2021-02-09,1506.2638801386622,1906.0,79571.5,77858.29999999999,2
2021-02-10,1513.7845694694347,1985.0,105128.1,99650.3,2
2021-02-11,1523.7400000000002,1897.0,55472.8,54507.0,1
2021-02-12,1488.5716530930715,2223.0,99283.1,85484.6,2
2021-02-13,1368.7143678792788,1868.0,81298.8,71490.3,2
2021-02-15,1413.499125149035,2048.0,122252.0,113479.9,2
2021-02-16,1383.54,1840.0,43564.7,41593.0,1
2021-02-17,1373.726615548421,1916.0,89002.9,85748.9,2
2021-02-18,1309.2846007971746,1802.0,68860.8,62545.899999999994,2
2021-02-19,1336.8966064986869,1969.0,84351.0,80779.4,2
2021-02-20,1352.84,1898.0,46455.9,41272.4,1
2021-02-22,1388.1712873310278,1837.0,103729.2,100519.6,2
2021-02-23,1363.8019356249142,1908.0,68361.6,64953.7,2
2021-02-24,1482.406929348402,2154.0,76503.29999999999,75457.6,2
2021-02-25,1471.0327038611936,1902.0,97923.2,93598.0,2
2021-02-26,1399.4807841806382,2285.0,81791.6,78379.9,2
2021-02-27,1364.0313167093645,1908.0,95968.8,94032.9,2
2021-03-01,1356.9970121686256,2215.0,141842.2,130253.0,2
2021-03-02,1363.9310120049315,1952.0,87339.1,86222.9,2
2021-03-03,1427.419682229589,2012.0,84548.6,82565.9,2
2021-03-04,1445.492152691211,1908.0,84138.8,82867.9,2
2021-03-05,1461.32896752392,1952.0,79044.0,77946.6,2
2021-03-06,1486.5808153383325,1954.0,86436.1,84796.70000000001,2
2021-03-08,1456.395776176499,2003.0,127442.3,124692.0,2
2021-03-09,1389.353150129383,1920.0,98632.3,93675.20000000001,2
2021-03-10,1406.2511080834408,1868.0,110274.1,106058.79999999999,2
2021-03-11,1375.48,1890.0,70161.1,65494.7,1
2021-03-12,1363.0418438700895,1913.0,104115.8,96386.4,2
2021-03-13,1337.356276674372,1960.0,89354.4,82668.3,2
2021-03-15,1365.027891069725,2213.0,114222.4,110584.5,2
2021-03-16,1315.39,1893.0,51771.9,49561.8,1
2021-03-17,1344.368850280512,1982.0,82211.70000000001,78998.4,2
2021-03-19,1325.8607799281415,1936.0,88149.4,87282.4,2
2021-03-20,1354.64,1930.0,60212.2,57493.3,1
2021-03-22,1313.2319180803354,1904.0,133268.7,120566.9,2
2021-03-23,1263.1223170940382,1893.0,82105.2,77727.09999999999,2
2021-03-24,1266.101325643065,1949.0,93690.2,87261.79999999999,2
2021-03-25,1293.2767283189478,1891.0,101016.7,96833.4,2
2021-03-26,1385.6855038159738,1992.0,69591.9,67964.3,2
2021-03-27,1376.1644643463314,1915.0,81495.9,79244.3,2
2021-03-29,1281.0477723859176,2130.0,118206.4,110269.1,2
2021-03-30,1276.097576762429,1949.0,78587.5,73069.6,2
2021-03-31,1310.2773071233942,1947.0,77534.20000000001,74501.0,2
2021-04-03,1451.86,2613.0,45961.4,45440.8,1
2021-04-05,1386.2640894560661,2054.0,61097.899999999994,59687.399999999994,2
2021-04-07,1413.4267880801424,2340.0,75535.8,73893.5,2
2021-04-08,1328.8592318919045,2006.0,61779.9,59473.399999999994,2
2021-04-09,1322.8594452491282,2318.0,114593.4,102593.8,2
2021-04-12,1324.4913188661878,2647.0,128381.4,102775.4,2
2021-04-13,1284.4056850644017,1887.0,98491.1,90090.8,2
2021-04-16,1260.0951244371333,1875.0,162592.90000000002,147170.7,2
2021-04-17,1251.65,1872.0,74573.8,73856.0,1
2021-04-19,1188.9773811101938,1832.0,120881.3,101989.4,2
2021-04-21,1049.1990299287843,2177.0,126172.2,98784.5,2
2021-04-22,1132.99,1725.0,70654.2,70113.5,1
2021-04-23,1137.1152363040246,1814.0,147923.2,141643.8,2
2021-04-26,1061.61,1760.0,38071.5,36915.7,1
2021-04-28,996.654080217044,1684.0,82917.6,81568.7,2
2021-04-29,953.8457388486187,1708.0,95215.1,93369.6,2
2021-04-30,935.3415997778247,1646.0,123989.9,112163.7,2
2021-05-01,861.0200000000001,1434.0,25878.5,24049.7,1
2021-05-07,1051.2791681647632,1602.0,75317.79999999999,75317.79999999999,2
2021-06-26,1115.9547439109397,1747.0,80404.9,79191.2,2
2021-06-28,1021.03,1602.0,36820.3,35645.4,1
2021-06-29,1016.1074932452078,1545.0,97112.8,93896.3,2
2021-06-30,995.0600000000001,1526.0,49332.1,48078.5,1
2021-07-01,1017.8820386903813,1574.0,96079.3,94018.2,2
2021-07-02,978.3635831030398,1574.0,52460.8,51926.5,2
2021-07-05,1026.59,1451.0,26497.2,26000.4,1
2021-07-06,1055.3078648268477,1635.0,61066.4,60143.6,2
2021-07-07,1024.1915724773041,1492.0,54612.2,53534.0,2
2021-07-08,1046.0928091824273,1615.0,85979.7,85576.5,2
2021-07-09,1003.3599999999999,1596.0,39503.7,38952.8,1
2021-07-10,1072.8442407422017,1719.0,94240.70000000001,93807.4,2
2021-07-12,1096.74,1603.0,26519.9,25799.4,1
2021-07-13,1124.6162529443338,1637.0,72222.0,71917.8,2
2021-07-14,1081.3084410978884,1641.0,64544.0,64039.3,2
2021-07-15,1111.6654704154787,1642.0,73946.5,72492.29999999999,2
2021-07-16,1128.73,1653.0,41150.2,41051.5,1
2021-07-17,1132.5257543411506,1707.0,111541.5,110397.0,2
2021-07-19,1173.7450564498015,1620.0,131392.7,127786.1,2
2021-07-20,1129.49,1672.0,46826.8,46695.9,1
2021-07-22,1112.7589384467128,1664.0,118997.70000000001,111761.70000000001,2
2021-07-23,1076.1784097400025,1655.0,69690.3,67646.8,2
2021-07-24,1116.9099762215255,1726.0,157087.5,141556.6,2
2021-07-26,1065.8134365956885,1747.0,58579.2,54392.2,2
2021-07-27,1077.0689915829405,1729.0,154536.0,146618.9,2
2021-07-28,1043.34,1610.0,46357.8,46357.8,1
2021-07-29,1046.9012838364786,1563.0,109383.5,98732.20000000001,2
2021-07-30,1009.04,1616.0,37354.6,37354.6,1
2021-07-31,1037.4578687152807,1664.0,129919.70000000001,116397.4,2
2021-08-02,1045.8115207335293,1576.0,66837.7,65524.3,2
2021-08-03,1048.59,1767.0,49996.1,49587.3,1
2021-08-04,1002.3638808704252,1676.0,94714.1,92529.5,2
2021-08-05,976.8702037980546,1518.0,79098.20000000001,77076.3,2
2021-08-06,1023.8400742484567,1650.0,92136.1,89968.2,2
2021-08-09,1042.77,1435.0,53051.2,52341.9,1
2021-08-10,1034.0417689159017,1808.0,99354.1,96744.0,2
2021-08-11,1009.54,1471.0,48510.8,48325.7,1
2021-08-12,990.0056185348917,1555.0,104061.2,101158.4,2
2021-08-13,987.1025028279056,1510.0,92400.0,91233.6,2
2021-08-14,1034.0494640377221,1554.0,86794.5,85976.2,2
2021-08-16,1027.49,1559.0,50668.9,49855.5,1
2021-08-17,1071.7922146765825,1666.0,95639.79999999999,92120.9,2
2021-08-18,1114.0221255579122,1682.0,136737.4,133197.5,2
2021-08-20,1097.6055944919772,1521.0,119277.29999999999,117544.9,2
2021-08-24,1131.7425217447114,1646.0,138220.7,133998.09999999998,2
2021-08-25,1152.48,1746.0,40144.5,38995.0,1
2021-08-26,1129.1936997065984,1592.0,138896.7,134764.2,2
2021-08-28,1119.4468200809988,1498.0,125905.5,123187.1,2
2021-08-31,1148.4273437202119,1800.0,147507.0,144772.4,2
2021-09-02,1104.346091269841,1555.0,75983.0,72576.0,2
2021-09-03,1100.1,1604.0,40256.6,39671.2,1
2021-09-04,1049.51,1379.0,60450.8,57417.9,1
2021-09-06,1025.16,1451.0,35767.0,35767.0,1
2021-09-07,1024.22,1427.0,74769.1,70546.8,1
2021-09-08,1079.7588633941377,1614.0,103562.6,97767.4,2
2021-09-09,1054.6501648208216,1493.0,126608.8,124116.6,2
2021-09-10,1026.5,1424.0,34719.6,32859.3,1
2021-09-11,1065.0,1334.0,48048.5,46642.4,1
2021-09-13,1018.62,1440.0,33056.3,32279.8,1
2021-09-15,1061.1296114218628,1442.0,106793.3,103065.5,2
2021-09-16,1046.9663899022128,1498.0,136231.8,132512.2,2
2021-09-18,1014.7258501491649,1406.0,140342.2,132940.2,2
2021-09-21,1032.4844702642833,1734.0,141021.0,135967.8,2
2021-09-23,1074.0740592403063,1772.0,148751.0,144060.7,2
2021-09-25,1116.01,1409.0,65960.0,65432.4,1
2021-09-26,1128.3,2413.0,75000.0,75000.0,1
2021-09-28,1066.088065742034,1679.0,163628.5,157013.7,2
2021-09-30,1039.98,1422.0,81086.6,80010.8,1
2021-10-01,973.03,1427.0,32265.7,29325.9,1
2021-10-04,1037.13,1329.0,67020.2,66279.8,1
2021-10-05,930.94,1274.0,29374.0,28235.4,1
2021-10-06,1005.4968495937727,1584.0,145149.1,139490.9,2
2021-10-07,1014.7281191538457,1590.0,116403.7,109559.20000000001,2
2021-10-09,1016.6012514300205,1528.0,109476.0,106467.0,2
2021-10-11,1007.25,1314.0,72901.5,69721.6,1
2021-10-12,1029.9587478975102,1522.0,106078.1,103924.4,2
2021-10-14,1023.7207848462767,1504.0,125803.9,122274.9,2
2021-10-16,1028.1153055815093,1504.0,171435.8,167282.7,2
2021-10-19,1044.90215637889,1438.0,172238.2,170809.5,2
2021-10-21,1042.3602745657727,1889.0,188037.7,179232.09999999998,2
2021-10-22,1040.44,1475.0,80964.7,79273.7,1
2021-10-23,1041.8666678931152,1473.0,179073.5,167421.09999999998,2
2021-10-26,981.1064404614038,1377.0,187201.09999999998,168347.1,2
2021-10-28,969.0550263228581,1825.0,195263.7,173860.3,2
2021-10-29,996.84,1418.0,46796.3,44111.0,1
2021-11-01,1041.4281533132803,1551.0,112113.9,106418.70000000001,2
2021-11-02,1015.5800000000002,1393.0,81178.0,76957.9,1
2021-11-03,977.8699999999999,1362.0,21759.5,21007.5,1
2021-11-05,1042.66,1904.0,82136.3,81848.8,1
2021-11-06,1064.7161381539277,1507.0,107456.0,103652.5,2
2021-11-08,1061.46140034474,1567.0,182587.8,148749.8,2
2021-11-09,992.3,1374.0,40149.3,39113.4,1
2021-11-10,1016.0024562870884,1375.0,160159.4,141199.7,2
2021-11-11,1006.8157595119251,1533.0,117889.6,115457.7,2
2021-11-12,1014.9598102962481,1692.0,162746.90000000002,156338.5,2
2021-11-13,1042.9146442822732,1519.0,137763.2,117858.9,2
2021-11-15,1029.19,1383.0,82389.5,82389.5,1
2021-11-16,965.1699999999998,1430.0,43259.2,40436.7,1
2021-11-17,999.9159450952794,1447.0,175123.0,164831.0,2
2021-11-18,990.0600000000001,1484.0,20530.4,18680.9,1
2021-11-19,1027.2052436827971,1703.0,172469.2,166901.40000000002,2
2021-11-20,1032.0056850348597,1554.0,137069.5,135458.8,2
2021-11-22,1051.68,1506.0,105223.3,104479.4,1
2021-11-23,1082.2589658759207,1498.0,127893.4,126517.70000000001,2
2021-11-24,1046.5176799349651,1684.0,192213.7,189436.5,2
2021-11-25,1086.764508674578,1536.0,127479.7,125354.8,2
2021-11-26,1082.8511719891687,1662.0,198953.90000000002,195434.4,2
2021-11-27,1119.4368434333278,1555.0,161755.3,159155.2,2
2021-11-29,1075.9650791433262,1549.0,242177.3,221181.0,2
2021-11-30,1030.7963544844781,1499.0,160107.5,149656.2,2
2021-12-01,1010.5313796571811,1662.0,234356.2,198046.3,2
2021-12-02,1011.580210596059,1541.0,143010.6,134176.3,2
2021-12-03,1005.3869755531408,1460.0,215714.90000000002,183696.40000000002,2
2021-12-04,1005.4262593877758,1503.0,149954.2,141673.6,2
2021-12-06,1000.108063368199,1456.0,194613.4,168437.8,2
2021-12-07,969.5886031484989,1433.0,139604.3,126720.70000000001,2
2021-12-08,967.4924720133187,1392.0,161911.40000000002,158512.90000000002,2
2021-12-09,967.6359263444845,1381.0,110420.79999999999,103264.5,2
2021-12-10,974.62,1400.0,95025.4,82264.4,1
2021-12-11,985.731780136905,1528.0,120535.1,115306.3,2
2021-12-13,948.0242659818565,1462.0,144135.4,140204.3,2
2021-12-14,949.2669505628977,1413.0,115144.8,102967.2,2
2021-12-15,925.3929293917738,1313.0,174543.8,164016.3,2
2021-12-16,918.6679264515816,1366.0,95033.7,86114.7,2
2021-12-17,921.1127705068063,1392.0,148432.0,133743.4,2
2021-12-18,948.5293316159607,1473.0,129024.0,117155.7,2
2021-12-20,938.4620389468656,1404.0,146870.0,143400.5,2
2021-12-21,937.2128493822343,1422.0,98910.6,91248.20000000001,2
2021-12-22,906.4073302641772,1382.0,165953.5,151159.90000000002,2
2021-12-23,883.1420461497175,1440.0,93165.0,86080.7,2
2021-12-24,906.5700000000002,1446.0,86125.3,81006.8,1
2021-12-27,905.8609897479423,1483.0,115214.9,110046.2,2
2021-12-28,914.0810279931613,1447.0,105322.7,99963.70000000001,2
2021-12-29,891.8084980733221,1375.0,96055.09999999999,85016.8,2
2021-12-30,872.4711082111978,1316.0,131797.40000000002,124294.9,2
2021-12-31,865.9754274313918,1406.0,91715.4,87566.1,2
2022-01-01,886.1253987315196,2022.0,135261.6,128358.29999999999,2
2022-01-03,873.0714331511988,1429.0,110061.6,99194.0,2
2022-01-04,845.3789114754594,1364.0,148288.4,132138.5,2
2022-01-05,815.6057589700494,1282.0,86443.6,78893.1,2
2022-01-06,828.0343953761012,1275.0,128932.29999999999,116006.0,2
2022-01-07,835.8267352146272,1336.0,90773.70000000001,84767.9,2
2022-01-08,881.3157363516767,1400.0,131420.8,130058.1,2
2022-01-10,872.0419145130155,1352.0,102670.3,98220.8,2
2022-01-11,879.8219677812892,1287.0,136961.4,127298.70000000001,2
2022-01-12,870.4600000000002,1311.0,51379.5,50551.5,1
2022-01-13,861.2516958196102,1298.0,89980.4,85743.2,2
2022-01-15,863.2124440072221,1305.0,158545.8,151867.8,2
2022-01-17,897.64,1297.0,57495.8,56471.3,1
2022-01-18,887.6693115290763,1316.0,153181.4,145647.40000000002,2
2022-01-19,882.8876643461748,1344.0,101784.79999999999,95942.29999999999,2
2022-01-20,890.4034493764511,1331.0,127311.4,124384.8,2
2022-01-21,925.453552752706,1374.0,93930.7,92334.6,2
2022-01-22,961.0508039631711,1444.0,147244.0,142290.1,2
2022-01-24,929.6927995477208,1335.0,114399.8,111700.9,2
2022-01-25,901.6583171982609,1349.0,167726.4,160840.09999999998,2
2022-01-27,902.3331699171084,1358.0,120457.5,114076.8,2
2022-01-28,880.331816868072,1331.0,147126.7,139296.3,2
2022-01-29,887.5698244002059,1393.0,125610.6,119282.6,2
2022-01-31,906.8547449522762,1346.0,165098.8,152544.0,2
2022-02-01,904.422002663164,1382.0,127064.2,121734.9,2
2022-02-02,910.7603935427567,1356.0,127406.0,125013.1,2
2022-02-03,926.873041508777,1368.0,96448.3,93050.2,2
2022-02-04,916.4438293373448,1355.0,119141.20000000001,118327.0,2
2022-02-05,962.6966833182875,1392.0,94390.79999999999,92163.20000000001,2
2022-02-07,979.8143177493972,1395.0,125137.6,122776.0,2
2022-02-08,989.9359922286982,1440.0,121406.5,120700.5,2
2022-02-09,962.7235254577231,1419.0,126060.4,124846.2,2
2022-02-10,968.6273554182612,1315.0,106217.0,104107.20000000001,2
2022-02-11,924.0843168390248,1334.0,129991.0,126229.4,2
2022-02-12,894.1064569848546,1326.0,112129.9,108316.5,2
2022-02-14,913.7775479440808,1418.0,129964.6,123013.1,2
2022-02-15,894.4239601328904,1462.0,119358.9,115132.5,2
2022-02-16,884.0949876741845,1284.0,120539.0,115976.1,2
2022-02-17,872.7717673057141,1314.0,102295.4,94870.4,2
2022-02-18,860.5379272941459,1210.0,118238.4,114428.20000000001,2
2022-02-21,896.6783453107544,1322.0,84336.9,81987.6,2
2022-02-22,904.8130677099314,1402.0,121163.5,119611.7,2
2022-02-23,922.8501238837613,1403.0,105202.70000000001,102733.4,2
2022-02-24,944.4088938364685,1373.0,122508.9,118576.5,2
2022-02-25,939.9,1340.0,27827.5,27037.2,1
2022-02-26,929.95,1367.0,64999.9,62543.7,1
2022-02-27,924.1659449792021,1345.0,129877.5,126672.1,2
2022-02-28,890.5108671915414,1321.0,114027.8,107098.6,2
2022-03-01,926.1578344025687,1401.0,129973.3,126320.8,2
2022-03-02,894.6020469539377,1468.0,129989.9,126187.5,2
2022-03-03,911.2136351880273,1363.0,129798.1,124654.9,2
2022-03-04,878.9850149774878,1321.0,102847.1,97546.4,2
2022-03-05,863.0793212548949,1271.0,128621.8,121428.5,2
2022-03-07,885.184225095885,1327.0,95654.6,90368.6,2
2022-03-08,908.6833228873825,1389.0,129992.7,122790.8,2
2022-03-09,901.1332283818996,1496.0,124786.2,119966.6,2
2022-03-10,928.3458530730935,1389.0,127492.7,126483.29999999999,2
2022-03-11,926.5480582581627,1348.0,113275.70000000001,111723.4,2
2022-03-12,929.3637261066906,1337.0,117301.3,116439.5,2
2022-03-14,907.1612890644504,1372.0,121216.0,112148.0,2
2022-03-15,923.0690321803526,1477.0,166799.8,161057.9,2
2022-03-16,917.738467413534,1451.0,139298.6,132803.6,2
2022-03-17,899.437118336178,1530.0,139995.90000000002,136687.7,2
2022-03-18,871.8505672104747,1319.0,123458.79999999999,117480.2,2
2022-03-19,865.1128687809526,1295.0,143198.2,135147.3,2
2022-03-21,875.7048796431926,1362.0,98917.8,94415.1,2
2022-03-22,865.2612871011626,1434.0,144144.0,135844.8,2
2022-03-23,889.947021485876,1384.0,108590.9,104105.6,2
2022-03-24,914.1915399255959,1382.0,108259.20000000001,106553.20000000001,2
2022-03-25,890.633738317757,1322.0,77962.3,75841.6,2
2022-03-26,874.9395052452483,1321.0,106069.1,103560.4,2
2022-03-28,877.9136756050342,1353.0,87880.6,82334.2,2
2022-03-29,926.03,1404.0,32496.7,32462.4,1
2022-03-30,895.54,1330.0,52465.1,52465.1,1
2022-03-31,907.21,1319.0,66485.0,65758.0,1
2022-04-01,919.8314288257949,1383.0,79649.6,78626.79999999999,2
2022-04-02,927.6269053579174,2035.0,118302.3,117127.6,2
2022-04-04,928.4902094453715,1394.0,84956.3,82637.3,2
2022-04-05,932.851782983274,1465.0,147939.8,141666.5,2
2022-04-06,929.2451441968028,1723.0,139437.90000000002,133616.0,2
2022-04-07,953.7498048193567,2555.0,160801.2,157249.2,2
2022-04-08,932.0956823854978,1430.0,124551.20000000001,119502.09999999999,2
2022-04-09,905.6325507676088,1344.0,164954.2,151770.0,2
2022-04-11,906.8225818035581,1360.0,121301.4,116373.29999999999,2
2022-04-12,927.0612837294711,1601.0,175802.3,164463.0,2
2022-04-13,948.1378671176167,1470.0,142657.0,134353.4,2
2022-04-16,938.0144581249293,1391.0,134202.2,133734.7,2
2022-04-18,898.4271474989473,1361.0,116793.1,105685.5,2
2022-04-19,893.3974324505965,1456.0,158624.1,148794.8,2
2022-04-20,889.8487504103465,1326.0,122144.40000000001,116060.5,2
2022-04-21,899.0296974445089,1658.0,156810.3,132620.3,2
2022-04-22,924.7971585379429,1446.0,147787.0,135652.7,2
2022-04-23,904.452160784583,1393.0,165778.9,155894.3,2
2022-04-25,846.6515327342344,1472.0,125639.6,114861.4,2
2022-04-26,884.2580877033321,1481.0,167243.8,152625.9,2
2022-04-27,868.8208238170007,1437.0,96727.0,92411.3,2
2022-04-28,870.51746035196,1519.0,150437.7,137566.7,2
2022-04-29,830.0253153137933,1577.0,128880.2,124287.29999999999,2
2022-04-30,857.4404436162381,1459.0,150728.1,136090.59999999998,2
2022-05-02,810.0213786495879,1444.0,92111.8,83081.3,2
2022-05-04,808.9201780099244,1300.0,107885.2,105297.5,2
2022-05-05,809.8988081372866,1360.0,73316.1,71109.7,2
2022-05-06,856.8659418111536,1500.0,102237.6,95406.6,2
2022-05-07,882.5162609712639,1360.0,84935.9,82169.20000000001,2
2022-05-09,839.8987064703919,1362.0,116412.8,112977.70000000001,2
2022-05-10,848.1315626042627,1369.0,84060.0,77328.6,2
2022-05-11,835.1503400550964,1564.0,134080.3,122512.5,2
2022-05-12,814.9206769622912,1400.0,81794.6,74698.4,2
2022-05-13,859.2197884827876,1584.0,124368.20000000001,109778.29999999999,2
2022-05-14,810.8324717845592,1414.0,103362.70000000001,99156.7,2
2022-05-16,810.2073440510193,1457.0,142821.4,135321.5,2
2022-05-17,804.8717913766714,1343.0,89799.8,79642.1,2
2022-05-18,803.7550471843547,1287.0,116944.2,105734.2,2
2022-05-19,783.7437896225617,1372.0,84066.6,76714.5,2
2022-05-20,855.6590711526156,1362.0,141712.6,124709.4,2
2022-05-21,851.6122783612485,1385.0,88561.79999999999,85294.2,2
2022-05-23,805.0435681953663,1386.0,128015.0,109709.79999999999,2
2022-05-24,816.6915608868685,1330.0,86988.70000000001,72064.79999999999,2
2022-05-25,796.3750475170233,1317.0,112968.3,100069.4,2
2022-05-26,801.9861354967699,1330.0,75796.0,68323.4,2
2022-05-27,801.2400078826491,1257.0,126400.5,109354.1,2
2022-05-28,783.4089029169568,1297.0,97351.9,92037.7,2
2022-05-30,789.582789947199,1552.0,115174.0,105793.4,2
2022-05-31,796.8786207869169,1257.0,78945.6,70907.1,2
2022-06-01,783.6134168622553,1196.0,105326.7,99997.3,2
2022-06-02,771.3587576947042,1298.0,61138.600000000006,57295.899999999994,2
2022-06-03,820.84,1306.0,54949.3,50407.9,1
2022-06-04,807.0018474366956,1372.0,80716.9,78383.20000000001,2
2022-06-06,829.6648641592842,1311.0,110159.3,103422.6,2
2022-06-07,809.8810808430245,1334.0,76323.1,70503.29999999999,2
2022-06-08,825.7346302054167,1354.0,94189.79999999999,89282.0,2
2022-06-09,800.6336371456566,1295.0,69856.6,65215.7,2
2022-06-10,827.1793515730856,1510.0,98496.0,96755.70000000001,2
2022-06-11,857.7965014176049,1504.0,82530.29999999999,78406.9,2
2022-06-13,869.9401726542624,1532.0,96725.3,89265.1,2
2022-06-14,894.1510879284649,1391.0,79953.9,74346.8,2
2022-06-15,874.4596279415728,1355.0,124355.7,119115.7,2
2022-06-16,828.4331428125921,1302.0,73808.4,69262.8,2
2022-06-17,871.9415758773129,1473.0,109427.6,93740.79999999999,2
2022-06-18,855.6714274321886,1517.0,88357.1,83890.5,2
2022-06-20,861.3481841929902,1300.0,115284.70000000001,107147.4,2
2022-06-21,854.1559319405444,1304.0,82729.4,71898.9,2
2022-06-22,832.4012390311922,1470.0,119213.2,112307.1,2
2022-06-23,848.1851160507022,1290.0,70579.7,57638.6,2
2022-06-24,873.4021391384615,1512.0,79890.2,65000.0,2
2022-06-25,835.7925958443514,1499.0,85279.2,80776.8,2
2022-06-27,846.0929125135083,1390.0,113979.8,105953.5,2
2022-06-28,801.9550190766491,1258.0,73566.4,63349.7,2
2022-06-29,818.7706115128443,1288.0,99027.1,94617.79999999999,2
2022-06-30,827.33,1274.0,35165.0,33671.6,1
2022-07-01,823.6428120345415,1446.0,102735.70000000001,90569.3,2
2022-07-02,816.3667970891794,1361.0,84547.1,82327.3,2
2022-07-04,825.8587364228932,1278.0,101301.2,96145.29999999999,2
2022-07-05,821.1184234614703,1313.0,80780.4,69852.4,2
2022-07-06,815.3927037384532,1278.0,110234.4,100827.79999999999,2
2022-07-07,830.4465800715581,1670.0,66008.70000000001,59364.4,2
2022-07-08,842.3896641710571,1451.0,87955.8,77896.8,2
2022-07-09,840.7600670715639,1394.0,82823.0,79691.0,2
2022-07-11,838.831849666596,1342.0,90878.7,86861.6,2
2022-07-12,798.6052408792348,1301.0,68802.2,63714.5,2
2022-07-13,837.4622258698264,1357.0,124557.70000000001,117885.6,2
2022-07-14,872.9931234118483,1417.0,53068.399999999994,50215.6,2
2022-07-15,877.55,1399.0,59204.4,53702.4,1
2022-07-16,891.0448006360451,1398.0,83060.1,81692.3,2
2022-07-18,879.2050954889176,1385.0,107541.70000000001,101456.79999999999,2
2022-07-19,885.0201767202439,1342.0,70252.4,61543.6,2
2022-07-20,887.7425450584448,1402.0,124163.5,114296.0,2
2022-07-21,930.06758341466,1432.0,75156.8,68243.4,2
2022-07-22,949.795530191103,1385.0,113836.20000000001,105791.1,2
2022-07-23,962.1918959301423,1628.0,101140.1,98497.29999999999,2
2022-07-25,1007.71,1450.0,59988.0,57711.5,1
2022-07-26,981.6113020234175,1434.0,81682.0,74670.7,2
2022-07-27,990.5638718233208,1451.0,153670.9,148173.59999999998,2
2022-07-28,985.1240431015806,1723.0,102426.40000000001,94163.6,2
2022-07-29,1010.4111665412161,1545.0,149435.8,134183.0,2
2022-07-30,1004.5001781616888,1479.0,132127.0,124774.3,2
2022-08-01,998.0321426631018,1600.0,155158.2,139882.0,2
2022-08-02,968.7037610021906,1441.0,107195.2,93299.6,2
2022-08-03,951.7520449925292,1378.0,174626.7,156674.90000000002,2
2022-08-04,985.0766634845904,1632.0,98815.1,87469.1,2
2022-08-05,992.4679303844748,1509.0,158180.6,142703.8,2
2022-08-06,1004.7343017507917,1638.0,133093.3,122613.1,2
2022-08-08,999.9788152773925,1492.0,141252.1,134127.6,2
2022-08-09,974.7550859175991,1501.0,105652.8,94491.7,2
2022-08-10,973.7225518309743,1358.0,147667.8,137432.3,2
2022-08-11,989.7275148858012,1531.0,98953.8,89615.6,2
2022-08-12,1001.973889547282,1502.0,140680.7,122436.09999999999,2
2022-08-13,1024.6907594133747,1668.0,137452.4,130529.70000000001,2
2022-08-16,1036.4775462893763,1504.0,134099.1,125774.0,2
2022-08-17,1002.8520562023951,1523.0,108819.6,96366.0,2
2022-08-18,1010.7249032505778,1360.0,147354.90000000002,130223.0,2
2022-08-19,962.6721128242856,1478.0,118155.1,107655.9,2
2022-08-20,975.8621768708471,1480.0,155016.7,137675.6,2
2022-08-22,1003.4425647002114,1569.0,139859.2,131112.40000000002,2
2022-08-23,967.5455456190265,1378.0,138568.5,125518.90000000001,2
2022-08-24,931.413469300021,1318.0,108000.5,99558.7,2
2022-08-25,919.5236738085474,1313.0,121087.1,110717.79999999999,2
2022-08-26,910.1782673595837,1565.0,104495.0,92074.5,2
2022-08-27,967.32,1468.0,68876.4,62729.2,1
2022-08-29,942.4818809487863,1375.0,129868.5,121211.70000000001,2
2022-08-30,916.4661061323063,1354.0,112239.5,105257.29999999999,2
2022-08-31,887.9717855412133,1312.0,92699.5,88526.09999999999,2
2022-09-01,928.9695643153975,1280.0,98830.9,92645.0,2
2022-09-02,925.0776067923648,1387.0,89493.2,78022.9,2
2022-09-03,932.7213682888786,1468.0,110292.6,99310.90000000001,2
2022-09-05,951.4053621694916,1349.0,121355.9,118000.0,2
2022-09-06,974.35,1340.0,65456.4,63886.8,1
2022-09-07,924.134480260749,1302.0,90091.5,83574.6,2
2022-09-09,956.1474030963284,1351.0,94470.0,91521.3,2
2022-09-10,963.9197847330139,1462.0,78356.6,74131.2,2
2022-09-12,1006.0011551711506,1802.0,109442.7,105109.1,2
2022-09-13,1035.2064102007728,1655.0,119418.4,117057.79999999999,2
2022-09-14,1069.114062082807,1491.0,128853.1,121721.3,2
2022-09-15,1032.579790420162,1488.0,96623.70000000001,92776.1,2
2022-09-16,1048.429236242027,1559.0,134019.5,126724.7,2
2022-09-17,1029.6305623480866,1457.0,123565.5,114292.2,2
2022-09-19,983.1699999999998,1426.0,79758.4,69178.3,1
2022-09-20,1027.1566276932397,1633.0,165696.0,146561.40000000002,2
2022-09-21,1060.828025225623,1525.0,156632.2,146826.9,2
2022-09-22,1007.3040639116447,1430.0,132565.59999999998,120006.3,2
2022-09-23,998.4908339861904,1437.0,144297.2,139642.6,2
2022-09-24,1001.7640720375032,1477.0,99059.6,90275.2,2
2022-09-26,1026.478964342834,1630.0,155152.0,130865.7,2
2022-09-27,1005.217722021518,1459.0,144805.9,126499.0,2
2022-09-28,1021.3282262586474,1465.0,147204.6,126729.3,2
2022-09-29,971.3455212080315,1434.0,118980.4,107586.59999999999,2
2022-09-30,978.2935028483879,1424.0,141232.4,124860.1,2
2022-10-01,978.4631681180393,1396.0,117753.70000000001,103097.8,2
2022-10-03,999.0560915927363,1581.0,139199.7,124745.70000000001,2
2022-10-04,976.4176078582864,1667.0,91832.1,89566.6,2
2022-10-06,1001.67,1440.0,89837.7,78742.5,1
2022-10-07,932.8914740574018,1396.0,99004.5,91613.8,2
2022-10-08,958.0937904974693,1379.0,125228.5,117263.5,2
2022-10-10,921.8682406738653,1314.0,88383.70000000001,78781.3,2
2022-10-11,964.0891916679006,1438.0,137987.8,118860.8,2
2022-10-12,958.3353142646678,1685.0,126425.2,119463.0,2
2022-10-13,953.3988720794915,1406.0,120057.1,112827.1,2
2022-10-14,910.7839742077639,1377.0,100088.0,90042.6,2
2022-10-15,919.4026613299177,1360.0,124209.1,112428.0,2
2022-10-17,913.5379692261911,1385.0,88529.7,79307.7,2
2022-10-18,928.7189147903075,1370.0,128558.79999999999,111954.4,2
2022-10-19,937.9493834750234,1726.0,102096.2,99077.9,2
2022-10-20,942.8866394819427,1629.0,112162.5,100791.9,2
2022-10-21,946.98,1332.0,66318.2,63718.3,1
2022-10-22,1081.673565813172,1468.0,17554.0,16434.4,2
2022-10-25,961.4068090770293,1490.0,109602.6,104205.9,2
2022-10-26,912.654519248132,1341.0,73972.7,64793.299999999996,2
2022-10-27,934.039731527231,1390.0,120263.0,103988.2,2
2022-10-28,937.241083774641,1712.0,112870.5,107483.6,2
2022-10-29,951.5696681603035,1679.0,120907.0,107009.5,2
2022-10-31,912.1494829135734,1391.0,108153.29999999999,98695.3,2
2022-11-01,902.8491180907002,1343.0,128544.1,113499.2,2
2022-11-02,924.5405019723365,1398.0,94825.9,85000.70000000001,2
2022-11-03,916.7329020756506,1507.0,130985.0,117852.20000000001,2
2022-11-04,912.9245619400864,1653.0,128584.2,115743.29999999999,2
2022-11-05,958.7414330666351,1600.0,134374.2,125435.20000000001,2
2022-11-07,884.5640462916342,1350.0,116998.90000000001,104463.8,2
2022-11-08,882.800036657668,1328.0,127718.29999999999,116128.5,2
2022-11-09,871.3659510348792,1317.0,99475.9,87662.4,2
2022-11-10,924.0699999999999,1480.0,91221.0,80404.6,1
2022-11-11,892.3679351086961,1609.0,110615.5,101733.2,2
2022-11-12,916.1437366709654,1650.0,119173.70000000001,103055.09999999999,2
2022-11-14,871.3764997433547,1345.0,91136.2,83383.6,2
2022-11-15,844.3891952321784,1319.0,106168.20000000001,90943.0,2
2022-11-16,852.7639575823601,1368.0,89361.6,78481.5,2
2022-11-17,871.790846695997,1463.0,115090.70000000001,100965.4,2
2022-11-18,872.1562020597138,1665.0,100007.0,91061.2,2
2022-11-19,916.6096290897847,1605.0,122242.79999999999,102841.6,2
2022-11-21,876.0378422013891,1355.0,101847.29999999999,97131.4,2
2022-11-22,859.5779133168253,1280.0,111609.5,95912.5,2
2022-11-23,859.9196269746897,1356.0,90754.4,83171.29999999999,2
2022-11-24,953.6399999999999,1493.0,97049.7,83841.8,1
2022-11-25,906.5153972438304,1585.0,122354.6,110464.9,2
2022-11-26,1007.0965913600402,1500.0,24974.199999999997,23889.0,3
2022-11-28,935.5417894161968,1548.0,122829.29999999999,116638.6,2
2022-11-29,883.3073619556676,1324.0,115341.4,110100.5,2
2022-11-30,879.3640351646233,1540.0,128122.3,105850.7,2
2022-12-01,866.8684928145083,1403.0,99372.1,86549.4,2
2022-12-02,956.3119354516443,1388.0,131274.8,108105.0,2
2022-12-03,897.9548185342123,1557.0,136500.90000000002,121893.5,2
2022-12-05,898.1,1636.0,101324.0,97242.5,1
2022-12-06,879.35,1463.0,81298.0,74963.7,1
2022-12-07,832.5406787625195,1362.0,126433.1,106493.8,2
2022-12-08,839.1155273005529,1410.0,108065.1,101280.0,2
2022-12-09,923.2099999999999,1358.0,96574.8,83351.9,1
2022-12-10,864.3702914426025,1552.0,110981.6,98558.0,2
2022-12-12,882.3775255656159,1536.0,123032.4,113482.5,2
2022-12-13,868.2095774017695,1472.0,102361.20000000001,96103.1,2
2022-12-14,841.9662354145562,1292.0,104742.2,93286.5,2
2022-12-15,838.5345757040617,1369.0,96667.7,80692.5,2
2022-12-16,905.6317561457693,1400.0,118835.5,101895.29999999999,2
2022-12-17,867.8853756394361,1618.0,116470.6,105581.3,2
2022-12-19,884.867213448267,1529.0,123976.8,114037.0,2
2022-12-20,861.250342678768,1452.0,112818.5,103890.29999999999,2
2022-12-21,826.0998244068159,1293.0,111417.0,98961.70000000001,2
2022-12-22,837.931037022812,1418.0,98540.6,85920.0,2
2022-12-23,887.32,1502.0,85455.9,74181.2,1
2022-12-24,952.84,1380.0,14279.5,13333.9,1
2022-12-26,843.9180781603375,1500.0,117313.7,108241.6,2
2022-12-27,849.7945514205699,1540.0,122315.90000000001,101300.9,2
2022-12-28,813.9580205056075,1411.0,108900.7,97261.20000000001,2
2022-12-29,824.2573902712451,1333.0,112705.7,98479.2,2
2022-12-30,807.9683201895577,1356.0,73494.09999999999,66850.4,2
2022-12-31,855.4539007595152,1540.0,115480.9,98707.7,2
2023-01-02,867.553132827449,1507.0,98197.9,91457.0,2
2023-01-03,873.4080053670067,1401.0,101842.1,92528.3,2
2023-01-04,896.6067840665493,1446.0,95469.8,88259.6,2
2023-01-05,909.976297334502,1484.0,100797.2,91967.79999999999,2
2023-01-06,937.3211303914219,1474.0,88078.2,83625.90000000001,2
2023-01-07,1017.9500000000002,1804.0,83959.6,78183.0,1
2023-01-09,956.7304572086998,1701.0,137829.0,132784.0,2
2023-01-10,965.1893813197955,1625.0,161644.4,148917.0,2
2023-01-11,925.1976068751186,1564.0,146196.7,137620.9,2
2023-01-12,928.5322891702737,1732.0,158801.7,146553.09999999998,2
2023-01-13,946.2497413369964,1533.0,124829.6,113274.79999999999,2
2023-01-16,1026.72,1705.0,111723.2,102315.4,1
2023-01-17,999.3249388164586,1724.0,143773.1,129879.70000000001,2
2023-01-18,1039.97,1720.0,75160.5,71332.3,1
2023-01-19,1044.888044309647,1756.0,118133.2,112959.6,2
2023-01-20,1077.2491033276472,1630.0,172499.09999999998,159394.9,2
2023-01-21,1085.2205148474602,1835.0,129814.9,124957.4,2
2023-01-23,1145.5032833175696,1905.0,164772.2,155844.2,2
2023-01-24,1093.01,1636.0,65517.2,62382.7,1
2023-01-25,1119.4511326665718,1928.0,167279.0,149768.7,2
2023-01-27,1072.7836437617564,2000.0,146370.1,137319.9,2
2023-01-28,1182.2650350949289,1670.0,12167.0,12167.0,2
2023-01-30,1137.6471075373724,2023.0,182891.7,165945.1,2
2023-01-31,1120.6894069662308,1901.0,131964.2,119780.7,2
2023-02-01,1119.31,1654.0,69305.8,56400.4,1
2023-02-02,1152.8869446418153,1977.0,151823.7,140035.3,2
2023-02-03,1143.5073256781636,1897.0,141540.5,129054.40000000001,2
2023-02-04,1093.0261978606868,1920.0,136069.6,122160.7,2
2023-02-06,1092.5980641597591,1706.0,166275.09999999998,149174.5,2
2023-02-07,1059.014541637869,1727.0,118756.20000000001,100992.2,2
2023-02-09,1116.2874926300879,2094.0,117530.1,111263.2,2
2023-02-10,1173.4370691999416,1850.0,118697.1,112086.79999999999,2
2023-02-11,1165.50768411655,1840.0,110417.8,101817.29999999999,2
2023-02-13,1302.6727764382963,2267.0,135057.8,128242.0,2
2023-02-14,1396.0026840039254,2023.0,105674.7,101696.2,2
2023-02-15,1593.6130327703386,3024.0,156551.5,139693.4,2
2023-02-16,1607.0593817770944,3001.0,114287.79999999999,107974.0,2
2023-02-17,1710.67,2647.0,81718.1,76883.4,1
2023-02-18,1565.5896085547429,2644.0,121956.0,106111.90000000001,2
2023-02-20,1530.4733539345875,3048.0,167628.7,140218.0,2
2023-02-21,1397.7662635982797,2287.0,112959.9,98036.3,2
2023-02-22,1421.1351488864743,2502.0,168818.8,130495.4,2
2023-02-23,1352.2596210526315,2211.0,106506.0,97802.5,2
2023-02-24,1522.8138205997302,2418.0,105118.20000000001,92521.6,2
2023-02-25,1535.52,1947.0,7735.3,7278.2,1
2023-02-27,1573.9294016492972,2613.0,96527.4,86885.5,2
2023-02-28,1506.9675820265209,4006.0,129615.59999999999,116785.4,2
2023-03-01,1458.6852390793802,2489.0,100179.2,85160.0,2
2023-03-02,1511.9901347308141,2560.0,144271.4,114272.29999999999,2
2023-03-03,1467.4329333579983,2462.0,113695.79999999999,111357.7,2
2023-03-04,1442.057859812188,2476.0,113842.0,97001.29999999999,2
2023-03-06,1356.73576270078,2157.0,97679.5,84103.1,2
2023-03-07,1425.9564763794158,2484.0,120308.20000000001,106307.7,2
2023-03-08,1439.3788106160903,2245.0,67283.79999999999,58462.2,2
2023-03-09,1484.21,2398.0,67228.8,62266.3,1
2023-03-10,1467.3989849692239,2421.0,90719.4,84366.9,2
2023-03-11,1475.1003716739453,2496.0,93717.5,86713.1,2
2023-03-13,1382.496347199199,2508.0,97937.5,84697.20000000001,2
2023-03-14,1391.9647154197744,2226.0,121263.29999999999,105411.4,2
2023-03-15,1353.0128638873125,2124.0,81923.6,62019.2,2
2023-03-16,1417.310961557715,2293.0,119988.0,94887.7,2
2023-03-17,1351.5841753554503,2174.0,83902.3,73428.0,2
2023-03-18,1310.551577624078,1971.0,70263.6,65148.6,2
2023-03-20,1262.8150007835045,2137.0,72657.3,63177.7,2
2023-03-21,1319.2330205461374,2211.0,77756.9,68188.0,2
2023-03-22,1299.1488174321833,2028.0,53750.7,49733.3,2
2023-03-23,1378.5385158004665,2324.0,73945.6,62912.7,2
2023-03-24,1389.0987217064119,2122.0,64900.4,59399.5,2
2023-03-27,1410.2612186203107,2172.0,73804.9,69324.3,2
2023-03-28,1349.096781071417,2195.0,78317.8,71815.2,2
2023-03-29,1419.5977586813103,2396.0,98248.1,91296.70000000001,2
2023-03-30,1387.7011837796802,2187.0,63917.6,56376.2,2
2023-03-31,1431.2796246622347,2431.0,104392.70000000001,88189.9,2
2023-04-01,1474.6425664023973,2714.0,90879.7,87297.3,2
2023-04-03,1454.4343049549561,2550.0,87285.5,78301.4,2
2023-04-04,1418.9280495384182,2359.0,69534.7,60498.5,2
2023-04-05,1378.0417803636794,2050.0,115993.4,94495.29999999999,2
2023-04-06,1345.4115872123318,2194.0,86377.1,67934.20000000001,2
2023-04-10,1346.3277016454563,2185.0,101210.9,95377.8,2
2023-04-11,1366.7199999999998,2399.0,62439.4,57855.2,1
2023-04-12,1288.0962166097668,2209.0,82889.5,71353.2,2
2023-04-13,1316.331191706924,2057.0,94878.0,83380.4,2
2023-04-17,1289.2182604437162,1983.0,82314.9,72897.90000000001,2
2023-04-18,1310.1647848744715,2330.0,126267.9,100762.1,2
2023-04-19,1241.4486345251576,1981.0,111570.9,101986.5,2
2023-04-20,1243.5366050745986,1954.0,98018.7,88929.2,2
2023-04-22,1188.01,1799.0,59583.3,55461.3,1
2023-04-24,1136.8244564099325,1870.0,106667.1,93426.1,2
2023-04-25,1100.2792581865576,1758.0,73650.8,66291.6,2
2023-04-26,1112.2824416673973,1907.0,88779.1,72995.2,2
2023-04-27,1159.0566456178626,1935.0,74317.0,72419.0,2
2023-04-28,1211.5222064303457,1897.0,80202.2,75355.2,2
2023-04-29,1196.756097640176,1927.0,78763.6,75141.2,2
2023-05-01,1135.7809883251173,1794.0,82771.20000000001,74630.3,2
2023-05-02,1115.1586173551093,1678.0,69675.79999999999,58571.8,2
2023-05-03,1157.3663749782265,2033.0,101125.2,90132.7,2
2023-05-04,1129.1217298590657,2072.0,88680.0,85593.1,2
2023-05-05,1147.3012144236761,1977.0,94458.9,83770.6,2
2023-05-06,1101.5,1641.0,51432.1,48503.9,1
2023-05-08,1091.5704099697432,1789.0,103955.2,93631.29999999999,2
2023-05-09,1091.9767172828003,1705.0,64212.299999999996,60106.0,2
2023-05-10,1070.1590092742388,1854.0,95380.8,83014.9,2
2023-05-11,1068.1399521386975,1931.0,82444.0,77682.79999999999,2
2023-05-12,1043.0898018485354,1722.0,91300.6,88058.9,2
2023-05-13,974.5834103071512,1529.0,81380.9,73475.2,2
2023-05-15,964.2706949591917,1740.0,108983.7,94625.70000000001,2
2023-05-16,1028.6263505850234,1512.0,55444.8,51280.0,2
2023-05-17,1079.2879757780984,1648.0,88384.2,81034.1,2
2023-05-18,1108.7729324598292,1777.0,63482.200000000004,60324.100000000006,2
2023-05-19,1094.721672566088,1662.0,74847.2,71786.7,2
2023-05-20,1097.77,1748.0,34321.6,32621.8,1
2023-05-22,1036.808882467174,1603.0,87137.9,77705.1,2
2023-05-23,1071.9314009907155,1695.0,55406.399999999994,50609.9,2
2023-05-24,1063.6454038963316,1684.0,98754.7,89566.3,2
2023-05-25,1063.902760964993,1915.0,85224.1,78752.9,2
2023-05-26,1056.2479501088103,1606.0,93374.1,89743.3,2
2023-05-27,1018.1985610986383,1616.0,75513.6,68594.0,2
2023-05-29,994.9153263840414,1868.0,86276.4,72918.7,2
2023-05-30,986.0970921763645,1657.0,66684.20000000001,57460.5,2
2023-05-31,1027.595842057651,1789.0,90447.2,85670.5,2
2023-06-01,1013.1732088410748,1785.0,74604.9,70606.79999999999,2
2023-06-02,1077.700547122914,1598.0,89234.8,82879.0,2
2023-06-03,1044.89,1612.0,43661.9,40369.8,1
2023-06-05,1051.4192065243446,1474.0,87159.4,83018.3,2
2023-06-06,1071.631915794896,1607.0,57756.9,54744.899999999994,2
2023-06-07,1127.5000048569152,1844.0,86171.7,82356.8,2
2023-06-08,1124.1951880595077,1947.0,87426.8,86281.2,2
2023-06-09,1118.850404184626,1889.0,89924.3,85656.4,2
2023-06-10,1070.6631380178562,1665.0,70409.7,66048.7,2
2023-06-12,1099.668976551105,1901.0,102790.4,98043.0,2
2023-06-13,1089.407625527957,1692.0,67652.9,65369.9,2
2023-06-14,1131.5275747156684,1958.0,111175.7,102987.1,2
2023-06-15,1154.0792123430963,2010.0,89500.2,87952.0,2
2023-06-16,1149.0960270566775,1769.0,94000.3,89693.2,2
2023-06-17,1160.4,1695.0,53176.5,50678.9,1
2023-06-19,1166.551781059305,1932.0,117407.40000000001,101389.1,2
2023-06-20,1107.7138055357464,1735.0,73905.3,68991.6,2
2023-06-21,1145.0297042540808,2088.0,103288.7,96728.29999999999,2
2023-06-22,1167.2816097413506,1963.0,96131.9,93941.79999999999,2
2023-06-24,1161.23,1709.0,48787.6,41843.3,1
2023-06-26,1234.509217820159,1969.0,90213.7,62208.2,2
2023-06-27,1233.4320390243643,1847.0,45112.2,37366.4,2
2023-06-28,1295.4848726933833,2289.0,62906.5,48285.0,2
2023-06-30,1371.963129395218,2107.0,64870.600000000006,56311.2,2
2023-07-01,1346.5723877217658,2039.0,88289.7,81972.7,2
2023-07-03,1215.489813067145,1852.0,70909.0,64445.600000000006,2
2023-07-04,1248.3732282810922,2070.0,110248.20000000001,95888.8,2
2023-07-05,1204.758599299869,1998.0,70607.6,59303.2,2
2023-07-06,1294.54,2175.0,54681.2,49244.7,1
2023-07-07,1285.2008121925296,1984.0,78689.0,68970.1,2
2023-07-08,1287.1690676245207,2053.0,85316.20000000001,77019.4,2
2023-07-10,1276.8421389142068,1918.0,52197.3,48604.1,2
2023-07-11,1357.0953335396139,2152.0,94604.70000000001,81119.3,2
2023-07-12,1299.691958932981,2021.0,63762.0,54184.6,2
2023-07-13,1377.0296049210879,2202.0,88446.6,82046.9,2
2023-07-14,1385.4106033525738,2024.0,76002.5,68639.8,2
2023-07-15,1388.0596022223597,2277.0,77774.9,69601.7,2
2023-07-17,1385.346622281794,2058.0,70044.1,62371.1,2
2023-07-18,1386.7491274302506,2052.0,114367.4,98040.29999999999,2
2023-07-19,1343.7723337555708,2050.0,70698.6,64576.6,2
2023-07-20,1404.2168558296016,2206.0,107763.70000000001,92202.7,2
2023-07-21,1395.177433635348,2016.0,98906.3,79311.8,2
2023-07-22,1491.5957554942,2228.0,98809.4,89894.8,2
2023-07-24,1525.5187264181686,2343.0,84344.1,79786.0,2
2023-07-25,1545.3596528675473,3004.0,121855.9,111009.5,2
2023-07-26,1496.2009880475273,2195.0,86234.4,79247.2,2
2023-07-27,1494.4571311624313,2317.0,116464.4,111747.7,2
2023-07-29,1496.8497461146212,2104.0,119989.2,113232.2,2
2023-07-31,1499.4769523552695,2206.0,111238.3,103831.0,2
2023-08-01,1509.3078584946286,2177.0,99191.7,93580.90000000001,2
2023-08-02,1572.7779173047475,2352.0,124030.6,115450.4,2
2023-08-03,1621.0075742308493,2288.0,87967.3,83263.9,2
2023-08-04,1718.217024313152,2560.0,135962.4,130221.70000000001,2
2023-08-05,1805.6609173636057,3085.0,121275.5,116330.1,2
2023-08-07,2119.1969777878357,2899.0,105484.9,98981.79999999999,2
2023-08-08,2210.9284156709255,2951.0,99445.20000000001,94276.5,2
2023-08-09,2102.095419440095,2875.0,140385.8,110558.1,2
2023-08-10,1865.2361556681758,2617.0,111363.79999999999,92543.0,2
2023-08-11,2008.9530577632881,3171.0,157428.6,137660.1,2
2023-08-12,2073.5881082498336,3173.0,123124.8,112894.4,2
2023-08-14,2019.1423482978837,2815.0,125566.90000000001,116170.1,2
2023-08-16,2008.7540540617897,2781.0,109574.9,104813.40000000001,2
2023-08-17,2147.4318069663905,3103.0,131204.1,121067.0,2
2023-08-18,2126.793823799007,2879.0,101741.0,97531.79999999999,2
2023-08-19,2141.4037885868556,3049.0,145272.59999999998,124346.1,2
2023-08-21,2138.9703545237307,2969.0,140403.0,138309.5,2
2023-08-22,2050.795671243889,2861.0,130596.3,118419.7,2
2023-08-23,2002.6432524911295,2901.0,115549.4,104079.3,2
2023-08-24,1997.6642035201953,2852.0,142491.8,122862.5,2
2023-08-25,2009.0053810564145,3002.0,103472.1,93285.4,2
2023-08-26,2159.6344526978087,3148.0,126494.20000000001,121633.9,2
2023-08-28,2220.5761308694396,3006.0,91689.4,89635.9,2
2023-08-30,2082.0872311353005,3000.0,97516.79999999999,84389.1,2
2023-08-31,1993.5407062940737,2743.0,110980.1,100810.70000000001,2
2023-09-01,1978.2783550803176,2685.0,126082.6,111364.1,2
2023-09-02,1858.769109401442,2652.0,104827.90000000001,93247.4,2
2023-09-04,1802.99,2343.0,35027.9,31830.7,1
2023-09-05,1908.8769783611108,2762.0,118414.1,110689.6,2
2023-09-06,1965.69497653505,2749.0,94857.20000000001,93607.7,2
2023-09-07,1908.846408812654,2699.0,90273.2,84732.7,2
2023-09-08,1878.630850692086,2600.0,106056.1,96440.3,2
2023-09-09,1877.6122091649022,2672.0,91449.6,86813.8,2
2023-09-11,1972.5064568643957,2943.0,106862.2,97987.5,2
2023-09-12,1931.422472021057,3002.0,112394.9,106035.1,2
2023-09-13,1905.4803142454186,2890.0,98617.3,92742.79999999999,2
2023-09-14,1852.5304118367892,2586.0,104973.8,94498.59999999999,2
2023-09-15,1822.2288065089715,2553.0,108603.2,102074.5,2
2023-09-16,1748.853906502198,2590.0,87569.6,77939.79999999999,2
2023-09-18,1797.942367991722,2817.0,135658.6,128535.5,2
2023-09-19,1767.8476615699203,3000.0,106250.9,100547.79999999999,2
2023-09-20,1731.0935210757714,2347.0,91580.2,86181.9,2
2023-09-21,1650.7409390141947,2351.0,97972.4,92582.2,2
2023-09-22,1705.6110248894363,2230.0,81288.9,77647.4,2
2023-09-23,1756.0517777179325,2365.0,74814.4,71666.6,2
2023-09-25,1864.3916501909823,2888.0,89831.1,89353.9,2
2023-09-26,1854.348655653729,2408.0,83466.5,82303.2,2
2023-09-27,1882.8357023397004,2652.0,89849.3,87297.5,2
2023-09-28,1808.0653044931573,2496.0,95206.2,89809.9,2
2023-09-29,1771.4087802646654,2404.0,125189.3,114333.0,2
2023-09-30,1727.7888468171561,2388.0,80190.1,72944.2,2
2023-10-03,1762.140567288823,2839.0,125227.3,115673.0,2
2023-10-04,1732.9439976430024,2727.0,108116.1,97157.5,2
2023-10-05,1735.792767405155,2429.0,99185.0,98394.7,2
2023-10-06,1786.4638570095697,2557.0,102470.7,100641.7,2
2023-10-07,1826.7533662799824,2474.0,103439.20000000001,100667.79999999999,2
2023-10-09,1822.4612616192621,2591.0,93391.0,90593.1,2
2023-10-10,1803.8937719605335,3261.0,149156.0,139967.0,2
2023-10-11,1749.235523087917,3051.0,134312.0,118808.9,2
2023-10-12,1668.3676347140638,2447.0,126339.8,112855.70000000001,2
2023-10-13,1671.7690817153566,2488.0,124096.6,116225.40000000001,2
2023-10-14,1670.9451971039202,2290.0,129982.5,115659.79999999999,2
2023-10-16,1621.0746798594778,2400.0,110010.4,104410.4,2
2023-10-17,1647.2813497573866,2855.0,118925.5,109144.79999999999,2
2023-10-18,1569.9858365489706,2333.0,117702.7,112082.5,2
2023-10-19,1600.209725634362,2608.0,106968.9,104699.70000000001,2
2023-10-20,1582.5077592076073,2390.0,111835.6,108633.0,2
2023-10-21,1601.6432511250598,2212.0,98640.29999999999,92306.2,2
2023-10-23,1624.4607400768248,2284.0,87206.0,83957.5,2
2023-10-25,1622.206422779335,2717.0,110299.5,105476.3,2
2023-10-26,1601.3937767867026,2870.0,113214.3,107492.7,2
2023-10-27,1577.5874513016815,2569.0,106909.4,102955.29999999999,2
2023-10-28,1531.2455804834608,2368.0,108660.2,104434.5,2
2023-10-30,1461.2091789640879,1982.0,117472.1,106526.4,2
2023-10-31,1434.7622867806526,2115.0,113214.90000000001,109048.5,2
2023-11-01,1448.601848675838,2633.0,136005.7,125804.1,2
2023-11-02,1436.0883665963092,2087.0,104492.8,100487.1,2
2023-11-03,1447.141994008094,1998.0,104625.70000000001,101804.0,2
2023-11-04,1490.6165359887464,2111.0,99687.20000000001,97958.4,2
2023-11-06,1476.2348255412908,2233.0,102797.1,99304.3,2
2023-11-07,1507.2769052205729,2127.0,88151.20000000001,85080.7,2
2023-11-08,1562.6402825194864,2506.0,128301.0,126741.70000000001,2
2023-11-09,1558.1752669588518,2441.0,111445.4,107078.29999999999,2
2023-11-10,1586.0269713829207,2220.0,107238.2,104895.4,2
2023-11-11,1613.16,2224.0,56738.4,54335.4,1
2023-11-13,1565.6397424809336,2301.0,108384.7,103992.3,2
2023-11-14,1538.11,1920.0,45895.9,44783.4,1
2023-11-15,1518.2911029008415,2502.0,139890.6,129066.0,2
2023-11-16,1484.5748302862453,2112.0,116657.9,111390.5,2
2023-11-17,1466.6394035757767,2026.0,100293.6,98238.79999999999,2
2023-11-18,1442.7524480437207,2070.0,111180.6,105762.0,2
2023-11-20,1471.5308278340756,2278.0,106487.6,100665.1,2
2023-11-21,1521.1923317751928,2032.0,76631.7,75431.8,2
2023-11-22,1572.0891455442493,2781.0,109650.5,109390.1,2
2023-11-23,1541.1772955325853,2422.0,65381.6,62409.700000000004,2
2023-11-24,1599.3453656578072,2562.0,140089.9,139603.2,3
2023-11-25,1564.0464316202786,2151.0,111870.9,108214.09999999999,2
2023-11-27,1540.8851678763444,2269.0,131296.2,122870.2,2
2023-11-28,1527.724027546711,2112.0,102193.4,96352.70000000001,2
2023-11-29,1548.924753674498,2821.0,129824.4,127670.5,2
2023-11-30,1565.19847754399,2440.0,129717.5,127090.7,2
2023-12-01,1511.73,1817.0,3709.2,3559.6,1
2023-12-02,1538.6324011110717,2230.0,129062.20000000001,120496.3,3
2023-12-04,1510.9342998272502,2338.0,134207.3,124920.6,2
2023-12-05,1528.0586800542098,2252.0,173866.40000000002,167424.3,3
2023-12-06,1537.0286450811932,2688.0,140449.4,138299.8,2
2023-12-07,1529.5694218161452,2436.0,140181.6,136591.5,2
2023-12-08,1556.77,2378.0,83473.6,83110.1,1
2023-12-09,1541.8763872670957,2184.0,117847.09999999999,116743.2,2
2023-12-11,1531.5406451697545,2073.0,136887.0,129581.4,2
2023-12-12,1553.6215348755118,2249.0,113809.8,111050.7,2
2023-12-13,1638.1520514117544,2771.0,151070.7,146686.3,2
2023-12-14,1665.0967470816154,2374.0,153700.0,153201.2,2
2023-12-15,1715.6081132938002,2475.0,124721.4,124250.4,2
2023-12-16,1655.7366248150422,2516.0,134777.8,133949.4,2
2023-12-18,1626.296076055682,2348.0,165770.1,149900.7,2
2023-12-19,1618.46598679026,2249.0,138884.1,128798.9,2
2023-12-20,1664.6221546426234,2697.0,187562.6,183579.40000000002,2
2023-12-21,1664.5401633153192,2657.0,161791.2,152043.3,2
2023-12-22,1678.9811264514651,2319.0,111236.8,109906.2,2
2023-12-23,1642.8954196260531,2247.0,137903.6,134853.4,2
2023-12-26,1757.6445752943562,2500.0,157450.8,154668.3,2
2023-12-27,1812.082294685787,2416.0,119378.3,118839.8,2
2023-12-28,1793.1300000000003,2280.0,82647.7,82159.3,1
2023-12-29,1819.635984196502,2604.0,161452.0,153459.7,2
2023-12-30,1728.5552370257783,2450.0,132084.5,126454.6,2
2024-01-01,1668.64,2622.0,52806.3,47725.6,1
2024-01-02,1685.82,2232.0,85400.8,77861.6,1
2024-01-03,1656.7004022697142,2337.0,121289.7,115785.5,2
2024-01-04,1646.22,2233.0,65637.9,65322.4,1
2024-01-05,1705.5728572796934,2534.0,135942.9,131544.0,2
2024-01-06,1746.7611066956213,2377.0,103707.8,102366.9,2
2024-01-08,1666.4939398692907,2335.0,114209.8,109647.79999999999,2
2024-01-09,1622.715150925367,2596.0,149352.5,136464.8,2
2024-01-10,1606.5646079393996,2506.0,111224.4,100725.5,2
2024-01-11,1615.87,2136.0,70554.7,70307.3,1
2024-01-12,1633.1023440961962,2108.0,83891.70000000001,82007.3,2
2024-01-13,1613.9046807901336,2492.0,98094.1,95680.0,2
2024-01-16,1619.33,2175.0,55482.9,53282.3,1
2024-01-17,1617.1956526004979,2499.0,114517.2,107629.4,2
2024-01-18,1648.032367005333,2355.0,83110.8,77234.3,2
2024-01-19,1698.431109120419,2540.0,138702.7,137026.6,2
2024-01-20,1678.418107448402,2600.0,108886.2,107746.6,2
2024-01-22,1623.9880649681977,2204.0,98408.0,93405.70000000001,2
2024-01-23,1571.5402401191823,2202.0,105714.0,91758.6,2
2024-01-24,1608.4882950096433,2300.0,137774.6,119408.29999999999,2
2024-01-25,1593.646392699705,2380.0,82715.7,73657.3,2
2024-01-27,1656.318547213119,2507.0,155962.4,152789.1,2
2024-01-29,1645.8282998739433,2125.0,132964.2,131607.3,2
2024-01-30,1624.0635155518746,2272.0,106346.1,100213.0,2
2024-01-31,1550.9682024647816,2130.0,107593.4,100487.6,2
2024-02-01,1550.855657128059,2267.0,149801.3,139014.0,2
2024-02-02,1530.3796521677236,2277.0,109823.0,101152.2,2
2024-02-03,1563.4417345496174,2462.0,171758.6,165093.0,2
2024-02-05,1529.5446546917497,2141.0,121292.4,117868.6,2
2024-02-06,1448.01,1949.0,80212.7,76720.4,1
2024-02-07,1475.5112979762737,1994.0,92679.6,88846.0,2
2024-02-08,1502.7791074446156,2033.0,117211.0,110956.7,2
2024-02-09,1520.3208102191195,2203.0,72010.8,67191.7,2
2024-02-10,1511.2634836202044,2200.0,133046.09999999998,132138.4,2
2024-02-12,1535.8358112248222,2160.0,107021.5,104318.8,2
2024-02-13,1539.8997257087071,2095.0,86266.20000000001,85839.4,2
2024-02-14,1491.484867250288,1969.0,86464.09999999999,83627.3,2
2024-02-15,1505.2650141266142,2228.0,118168.5,110783.8,2
2024-02-16,1479.8598851441357,2058.0,98325.70000000001,89259.7,2
2024-02-17,1479.2222807293304,2167.0,156608.4,153324.2,2
2024-02-19,1439.679473382198,2031.0,135281.2,130702.0,2
2024-02-20,1456.1959907838648,1985.0,103152.4,101300.6,2
2024-02-21,1423.9147601931784,2006.0,93503.0,90030.8,2
2024-02-22,1412.4444876596642,2136.0,125138.70000000001,119453.79999999999,2
2024-02-23,1416.5775180682551,1986.0,105060.0,101545.5,2
2024-02-24,1467.3212801133948,2198.0,142960.7,141100.0,2
2024-02-26,1472.9952921465967,2036.0,132871.7,131790.0,2
2024-02-27,1478.3237453478357,2040.0,106487.9,105434.8,2
2024-02-28,1546.5109181913435,2125.0,93052.5,93052.5,2
2024-02-29,1525.5027113720928,1975.0,116256.9,114678.1,2
2024-03-01,1520.4578224182342,2102.0,94964.2,92556.79999999999,2
2024-03-02,1463.29,2041.0,77190.1,75897.5,1
2024-03-04,1436.7072492063558,2083.0,150407.7,146098.2,2
2024-03-05,1512.1690835689833,2361.0,122920.0,118254.40000000001,2
2024-03-06,1402.8957333029002,1926.0,96715.4,95071.9,2
2024-03-07,1414.8714882795448,2136.0,110277.40000000001,107448.9,2
2024-03-08,1344.866279737112,1886.0,94678.1,86911.6,2
2024-03-09,1359.7376531414807,2022.0,112814.0,108708.29999999999,2
2024-03-11,1328.7352377703091,2085.0,91789.8,86465.79999999999,2
2024-03-12,1316.4217493305239,1989.0,116993.70000000001,115612.8,2
2024-03-13,1385.6887084692792,2092.0,81984.5,80822.7,2
2024-03-14,1393.7009639391483,2108.0,75403.1,75403.1,2
2024-03-15,1470.0359862052208,2568.0,91229.79999999999,90541.5,2
2024-03-16,1451.8621409659563,1972.0,84965.70000000001,84074.2,2
2024-03-18,1427.495604199523,1964.0,109496.1,105192.9,2
2024-03-19,1426.3977238846232,2114.0,91414.3,88048.7,2
2024-03-20,1498.153139566875,2106.0,80452.3,78873.29999999999,2
2024-03-21,1534.8287819708805,2156.0,83345.2,81801.0,2
2024-03-22,1511.1738704386598,3016.0,112376.9,109989.6,2
2024-03-23,1500.5905320151169,2410.0,84339.4,83112.3,2
2024-03-25,1405.4924840149968,1932.0,72111.6,65107.899999999994,2
2024-03-26,1424.6859282880343,1930.0,134166.0,129451.20000000001,2
2024-03-27,1412.5973891552944,1997.0,120718.4,115237.8,2
2024-03-28,1518.47,1946.0,42896.5,42896.5,1
2024-03-30,1526.777118777105,2041.0,79384.5,78606.9,2
2024-04-01,1633.4942378501778,2339.0,92398.79999999999,91464.29999999999,2
2024-04-02,1607.3976115757407,2224.0,72988.1,72220.0,2
2024-04-03,1585.1103380500304,2732.0,88522.4,88522.4,2
2024-04-04,1553.5078026787692,2220.0,117708.70000000001,113873.2,2
2024-04-05,1592.5385377976934,2744.0,117618.20000000001,115017.6,2
2024-04-06,1655.083070514674,2302.0,89562.79999999999,88873.7,2
2024-04-08,1789.424939758254,2553.0,110124.29999999999,107840.5,2
2024-04-09,1724.1367746303777,2500.0,89581.1,89205.9,2
2024-04-11,1680.49137071922,2622.0,145852.7,142585.0,2
2024-04-12,1660.1587819117967,2742.0,89614.6,87593.0,2
2024-04-13,1588.2257406946978,2018.0,60412.8,57112.600000000006,2
2024-04-15,1647.4218784115528,2322.0,114904.1,113731.20000000001,2
2024-04-16,1695.0705587925047,2702.0,108031.29999999999,106461.7,2
2024-04-17,1747.6208728183672,3223.0,85705.6,84787.4,2
2024-04-18,1779.713197673814,2587.0,116207.1,115450.8,2
2024-04-20,1883.8664697055983,3497.0,116904.1,113963.3,2
2024-04-22,1902.3300058273592,2781.0,96212.4,95412.0,2
2024-04-23,1992.782237370214,3092.0,111581.9,111096.5,2
2024-04-24,1902.951917937746,3009.0,125552.2,120776.6,2
2024-04-25,1923.912522545823,3008.0,123397.5,120632.1,2
2024-04-27,2125.7440577668335,3013.0,76303.3,76303.3,2
2024-04-29,2305.254975091628,3089.0,123324.8,122288.2,2
2024-04-30,2165.8637653471737,2893.0,106405.5,101541.5,2
2024-05-01,2179.232641268973,3083.0,136441.5,126407.79999999999,2
2024-05-02,2080.7570309778107,3353.0,118678.1,112054.40000000001,2
2024-05-03,2046.9945299809697,2686.0,82785.7,81816.9,2
2024-05-04,1950.2466639831327,2613.0,126277.2,107569.6,2
2024-05-06,1942.1543939342182,2962.0,105741.1,96600.9,2
2024-05-07,1969.1699314387674,2677.0,84385.7,82495.6,2
2024-05-08,2031.9554437957333,2730.0,88603.0,86547.7,2
2024-05-09,2153.9334841585114,3644.0,79049.5,77407.5,2
2024-05-10,1975.2278883600663,2780.0,71339.1,70849.2,2
2024-05-11,2050.700872401005,3613.0,90233.9,83590.0,2
2024-05-13,2044.3907096033681,2575.0,102607.3,101063.5,2
2024-05-14,2049.701860640377,2845.0,103089.9,99254.0,2
2024-05-15,2028.33,2537.0,49017.6,47559.0,1
2024-05-16,2009.2888292431526,2871.0,104722.6,101674.4,2
2024-05-17,1976.415674154471,2853.0,93758.29999999999,87270.79999999999,2
2024-05-18,2025.0617366569193,3804.0,85910.3,82790.1,2
2024-05-20,1928.024750204738,2821.0,67417.79999999999,65571.7,2
2024-05-21,2051.310766915543,3682.0,103508.2,102232.9,2
2024-05-22,2070.3902723676056,2855.0,100333.1,95062.70000000001,2
2024-05-23,2102.684205051755,3029.0,95717.6,94648.29999999999,2
2024-05-24,2165.6290098476265,2868.0,84182.3,83492.2,2
2024-05-25,2304.518378142251,3116.0,95262.5,93742.5,2
2024-05-27,2340.9410354223437,2990.0,75732.9,73767.0,2
2024-05-28,2357.328992765938,3851.0,79297.7,76789.5,2
2024-05-29,2219.581716359539,2859.0,77132.2,76325.5,2
2024-05-30,2280.4516543853174,3308.0,95919.2,92579.4,2
2024-05-31,2241.976030220071,2879.0,111339.3,108742.3,2
2024-06-01,2254.679413808918,3052.0,106034.0,101175.2,2
2024-06-03,2366.286937149216,3141.0,73077.7,71892.5,2
2024-06-04,2399.3570084238045,3241.0,103527.6,101284.4,2
2024-06-05,2398.0605294044717,3158.0,67866.7,65331.9,2
2024-06-06,2445.7502779597685,3799.0,72955.4,70974.3,2
2024-06-07,2460.4012179470037,3116.0,48603.1,48603.1,2
2024-06-08,2561.8399428739044,3345.0,97774.40000000001,96138.2,2
2024-06-10,2546.17,3010.0,48807.6,45076.8,1
2024-06-11,2475.4426614811628,3324.0,93484.79999999999,89248.8,2
2024-06-12,2384.22,3096.0,44421.7,41893.6,1
2024-06-13,2437.0357073778514,3215.0,114679.5,111239.70000000001,2
2024-06-14,2418.804369656603,3233.0,69430.4,64799.6,2
2024-06-15,2433.480884205556,3171.0,58966.7,58026.100000000006,2
2024-06-18,2364.114095354027,2973.0,53586.3,51754.5,2
2024-06-19,2352.0388093133183,3200.0,105855.9,99766.8,2
2024-06-20,2285.2640439245642,2749.0,84392.7,79591.0,2
2024-06-21,2286.413200676263,3002.0,95817.7,92981.6,2
2024-06-22,2295.3,3045.0,45544.4,45077.9,1
2024-06-24,2318.5368432570326,2979.0,91260.2,88513.7,2
2024-06-25,2294.197678539669,3136.0,63151.7,61849.0,2
2024-06-26,2297.4170326818135,3008.0,65383.600000000006,64265.1,2
2024-06-27,2231.909103890124,2758.0,49350.5,47558.899999999994,2
2024-06-28,2192.9640363428844,2829.0,83215.6,78678.4,2
2024-06-29,2130.73,2403.0,44194.8,38312.8,1
2024-07-01,2164.8450342689293,2910.0,76015.9,71697.6,2
2024-07-02,2124.03,2799.0,46056.8,44203.5,1
2024-07-03,2057.2544845810758,2700.0,86604.5,81455.1,2
2024-07-04,2142.814747791127,3136.0,45799.2,44921.100000000006,2
2024-07-05,2292.291028151552,2709.0,38564.7,38473.9,2
2024-07-06,2237.22,2660.0,24057.1,23346.0,1
2024-07-08,2369.94,2941.0,41477.9,41119.9,1
2024-07-09,2324.02,2697.0,28842.3,28324.6,1
2024-07-10,2315.2,2906.0,32655.7,32010.6,1
2024-07-11,2322.24,2995.0,35375.9,34625.5,1
2024-07-12,2306.968605749182,2748.0,74476.4,72180.7,2
2024-07-13,2292.59245401953,3100.0,47590.0,45530.2,2
2024-07-15,2257.1142382484795,3196.0,67271.9,63236.5,2
2024-07-16,2127.655258532998,2631.0,45444.200000000004,41878.6,2
2024-07-18,2095.8927366939724,2818.0,85257.9,78237.1,2
2024-07-19,2142.9178721508606,3118.0,66449.1,63751.7,2
2024-07-20,2181.0421087959935,2955.0,77009.7,73401.6,2
2024-07-22,2248.84,2794.0,30611.4,29859.9,1
2024-07-23,2233.3004839901246,2787.0,64001.3,63348.399999999994,2
2024-07-24,2297.05541405835,3130.0,34097.0,33514.600000000006,2
2024-07-25,2274.259761684406,2793.0,41174.1,40194.6,2
2024-07-26,2245.43,2740.0,23412.8,22328.3,1
2024-07-27,2267.616757445524,2949.0,60453.899999999994,58310.200000000004,2
2024-07-30,2207.5735515748897,2830.0,68061.0,63306.0,2
2024-07-31,2206.39,2624.0,40438.3,39667.3,1
2024-08-01,2175.3896242558167,2972.0,72586.79999999999,71319.79999999999,2
2024-08-02,2250.118739293011,3108.0,39625.1,38911.5,2
2024-08-03,2240.0969921173514,2911.0,48222.8,47610.899999999994,2
2024-08-05,2231.07087322369,2689.0,38564.9,37387.9,2
2024-08-06,2237.296259324488,3078.0,70191.8,68931.4,2
2024-08-07,2261.930847722979,2600.0,73317.3,69175.9,2
2024-08-08,2253.4366866739033,3063.0,77718.4,75172.8,2
2024-08-09,2247.61,2737.0,45050.5,43406.0,1
2024-08-10,2223.240120384706,2665.0,93012.3,91456.8,2
2024-08-12,2236.2640164887043,2853.0,72604.70000000001,70642.3,2
2024-08-13,2232.5024331026084,2712.0,70438.6,68638.7,2
2024-08-14,2173.393763307395,2774.0,58449.7,54462.2,2
2024-08-16,2202.7531315454094,2715.0,91332.4,86625.59999999999,2
2024-08-17,2168.6,2492.0,49702.0,43620.2,1
2024-08-19,2092.053574787843,2761.0,98014.3,91771.6,2
2024-08-20,2059.17,2551.0,49617.0,46101.5,1
2024-08-21,2086.3171122558965,2600.0,102191.6,98436.70000000001,2
2024-08-22,2110.9703532977965,2565.0,59789.100000000006,56148.100000000006,2
2024-08-23,2131.7439327315305,2562.0,66800.8,65159.8,2
2024-08-24,2179.241767711511,2679.0,50777.100000000006,49280.1,2
2024-08-26,2273.13799754194,2888.0,91412.2,90640.6,2
2024-08-27,2272.367527609188,2702.0,87323.0,84310.70000000001,2
2024-08-28,2271.434603427348,2702.0,86146.1,84280.9,2
2024-08-29,2262.35,2688.0,39248.4,37805.6,1
2024-08-30,2227.0609280752674,2722.0,102698.7,99953.1,2
2024-08-31,2278.6325787402234,2626.0,61156.8,59759.8,2
2024-09-02,2256.7352847653883,2804.0,97293.2,96623.4,2
2024-09-03,2232.8402168807434,2696.0,70778.3,67530.20000000001,2
2024-09-04,2274.2388635044585,2795.0,111670.5,108032.1,2
2024-09-05,2239.51,2580.0,39683.0,36647.8,1
2024-09-06,2236.77623416123,3001.0,107264.8,102351.70000000001,2
2024-09-07,2193.04,2707.0,54455.3,51742.7,1
2024-09-09,2192.5424296051006,2649.0,117182.7,111613.20000000001,2
2024-09-10,2152.156937545609,2799.0,79663.9,73176.6,2
2024-09-11,2166.166859072508,2494.0,105186.2,102342.70000000001,2
2024-09-12,2170.863712008593,2561.0,69252.9,64981.8,2
2024-09-13,2217.400108316025,2929.0,112704.2,107943.4,2
2024-09-14,2256.5595783803988,3003.0,90820.8,88819.4,2
2024-09-16,2262.422113677223,2906.0,102346.7,101234.0,2
2024-09-17,2263.0,2635.0,52413.3,50175.7,1
2024-09-18,2264.4332030748396,2839.0,118130.8,114009.2,2
2024-09-19,2343.271511993541,2802.0,67509.1,67006.9,2
2024-09-20,2404.5903812102906,2987.0,87976.0,83528.7,2
2024-09-21,2372.400923647502,2791.0,77792.20000000001,76197.9,2
2024-09-23,2382.1172753695937,3278.0,129284.5,128296.3,2
2024-09-24,2366.7153707578655,3301.0,123569.20000000001,118902.4,2
2024-09-25,2374.234692756387,3211.0,128847.20000000001,127309.40000000001,2
2024-09-26,2338.68,2694.0,69224.8,68380.2,1
2024-09-27,2376.6435223429316,2967.0,136231.5,134409.4,2
2024-09-28,2332.281455378815,2902.0,106361.5,103654.8,2
2024-09-30,2341.696936928643,2944.0,161939.6,152072.2,2
2024-10-01,2279.607265438663,2828.0,104393.8,100330.90000000001,2
2024-10-03,2283.58254917231,3035.0,153977.7,143429.3,2
2024-10-04,2294.265151757545,3052.0,118576.1,112014.2,2
2024-10-05,2271.894850603913,3352.0,144686.59999999998,134622.0,2
2024-10-07,2251.57,2626.0,71582.2,69825.5,1
2024-10-08,2227.930972869777,3085.0,140273.0,130898.29999999999,2
2024-10-09,2206.1548244859027,2646.0,107753.9,105262.2,2
2024-10-10,2227.1480018597763,3011.0,117352.40000000001,116143.0,2
2024-10-11,2210.5864924073935,2482.0,93215.7,87769.6,2
2024-10-14,2267.7797523365,2966.0,137329.2,136689.5,2
2024-10-15,2290.9554711955884,3236.0,91384.0,90711.8,2
2024-10-16,2266.803325090926,2906.0,138212.4,136731.9,2
2024-10-17,2298.27,2654.0,75159.7,74558.8,1
2024-10-18,2260.034796334871,2578.0,131079.5,130483.79999999999,2
2024-10-19,2287.951584574742,2585.0,87963.9,87326.9,2
2024-10-21,2250.2235779276557,2694.0,114539.5,113499.5,2
2024-10-22,2271.9578787970577,2574.0,86051.5,82534.3,2
2024-10-23,2269.4970601161217,2698.0,137947.2,134840.7,2
2024-10-24,2273.020884124364,2567.0,111315.6,110562.5,2
2024-10-25,2283.8371085886765,2809.0,132397.6,130403.09999999999,2
2024-10-26,2254.87,2592.0,75842.5,75015.0,1
2024-10-28,2296.234727600629,2756.0,107858.9,107404.79999999999,2
2024-10-29,2336.9300000000003,2588.0,60029.7,59821.5,1
2024-10-30,2389.6998181982444,2711.0,59940.0,57557.2,2
2024-11-02,2459.04,2907.0,81852.6,81852.6,1
2024-11-04,2370.300192977958,4000.0,64336.899999999994,63178.2,2
2024-11-05,2370.0235621915394,2706.0,110058.70000000001,107347.4,2
2024-11-06,2389.05,2689.0,71404.8,70060.6,1
2024-11-07,2489.3491396639383,2875.0,105796.3,104498.7,2
2024-11-08,2494.82,2748.0,50302.1,50089.9,1
2024-11-09,2529.0025116901575,2874.0,98269.8,96683.9,2
2024-11-11,2568.64944878187,2882.0,73449.2,72726.2,2
2024-11-12,2642.2869434517793,3148.0,124631.29999999999,123629.0,2
2024-11-13,2702.8487624965355,3094.0,113261.4,111851.0,2
2024-11-14,2784.334581253723,3155.0,118250.0,116488.2,2
2024-11-15,2835.057810982953,3380.0,106388.7,104046.7,2
2024-11-16,2737.3872703960674,3122.0,129369.6,128220.79999999999,2
2024-11-18,2825.5406640079027,3319.0,73941.7,73191.9,2
2024-11-19,2779.4582153919237,3183.0,105405.29999999999,104410.6,2
2024-11-20,2783.6846125146435,3365.0,105993.9,103029.7,2
2024-11-21,2758.936126062204,3513.0,66231.6,65677.1,2
2024-11-22,2900.0,3300.0,60235.9,59279.1,1
2024-11-23,2995.08435160019,3464.0,121216.9,120017.0,2
2024-11-25,2942.5760498467935,4002.0,120724.4,117716.7,2
2024-11-26,2918.47,3309.0,59604.8,58513.0,1
2024-11-27,2949.02,3249.0,56543.5,55928.9,1
2024-11-28,2976.494790132124,3252.0,87478.9,86032.7,2
2024-11-29,2993.2500334181764,3523.0,121535.59999999999,120772.6,2
2024-11-30,2995.484855835679,3265.0,112397.29999999999,110554.4,2
2024-12-02,3020.6495983225427,3306.0,111454.4,107424.5,2
2024-12-03,2943.1489550828846,3253.0,125093.2,116336.5,2
2024-12-04,2940.2608414548968,3356.0,119562.70000000001,117116.2,2
2024-12-05,2950.322785620159,3350.0,66341.1,63288.6,2
2024-12-06,2939.8235800358148,3400.0,57351.7,56903.9,2
2024-12-07,2931.786752825035,3238.0,77459.8,74432.7,2
2024-12-09,2914.26,3401.0,86722.6,79186.3,1
2024-12-10,2876.108924136925,3316.0,104229.8,100043.4,2
2024-12-11,2832.1558858598914,3128.0,111086.9,106746.0,2
2024-12-12,2849.0279868303655,3281.0,111267.7,108947.6,2
2024-12-13,2890.08,3373.0,45357.3,44290.5,1
2024-12-14,2917.0195050393195,3249.0,72621.5,71339.0,2
2024-12-16,2924.4694996156477,3200.0,55446.799999999996,53726.7,2
2024-12-17,2892.9528846809667,3199.0,95711.8,93833.6,2
2024-12-18,2917.308671581135,3202.0,77732.1,76034.0,2
2024-12-19,2890.7098205126904,3302.0,102336.0,98441.5,2
2024-12-20,2911.997260451277,3244.0,96466.1,94567.4,2
2024-12-21,2902.4152028926023,3192.0,89998.1,89663.2,2
2024-12-23,2873.5900000000006,3201.0,51920.7,50955.2,1
2024-12-24,2889.476377537515,3263.0,39462.6,38911.1,2
2024-12-26,2853.6978258133586,3104.0,50511.5,48945.200000000004,2
2024-12-27,2898.5,3292.0,47224.1,46908.1,1
2024-12-28,2891.935820929928,3189.0,75938.1,71143.1,2
2024-12-30,2954.8772430316076,3282.0,70330.2,68347.9,2
2024-12-31,2978.390780466051,3331.0,79493.70000000001,78708.1,2
2025-01-01,3006.02,4002.0,37116.3,36975.4,1
2025-01-02,3024.6115763823063,3548.0,54830.3,53492.1,2
2025-01-03,3111.8909205586,3666.0,57900.8,56570.0,2
2025-01-04,3182.1569259376506,3781.0,87049.09999999999,86556.79999999999,2
2025-01-06,3111.6636050414672,3458.0,61746.5,58094.2,2
2025-01-07,3149.428520666027,3401.0,120427.1,120139.2,2
2025-01-08,3122.4925871256473,3537.0,132873.3,131700.6,2
2025-01-09,3117.0917138468803,4511.0,146729.7,144799.4,2
2025-01-10,3113.1089878573794,3401.0,161005.9,159158.40000000002,2
2025-01-11,3172.21,3535.0,15286.5,15014.6,1
2025-01-13,3124.5061027760808,3667.0,77356.6,75624.6,2
2025-01-16,3117.2800000000007,3612.0,101082.8,99316.1,1
2025-01-17,3102.2776002584615,3556.0,124661.5,121797.70000000001,2
2025-01-18,3066.1319654455024,4008.0,116235.0,105699.70000000001,2
2025-01-20,3012.8437446582884,3482.0,144357.4,139187.6,2
2025-01-21,3040.08,3530.0,52716.0,51410.5,1
2025-01-22,3016.837556939872,3665.0,105004.4,102160.4,2
2025-01-23,3031.2012589165524,3302.0,87079.7,82977.7,2
2025-01-24,3030.504554445482,3449.0,93768.0,91425.40000000001,2
2025-01-25,2999.5193704771355,3216.0,78525.7,75242.7,2
2025-01-27,2954.0717168175515,3244.0,135013.8,129911.3,2
2025-01-28,2925.8039175463873,3235.0,121368.5,109523.4,2
2025-01-29,2987.6520014941334,3710.0,94968.0,93164.4,2
2025-01-30,2975.8297918870753,3250.0,88237.3,85069.2,2
2025-01-31,2956.1847989649677,3579.0,51049.600000000006,49737.6,2
2025-02-01,2980.603503696976,3669.0,73577.5,71233.9,2
2025-02-03,2909.2823259722945,3126.0,62645.4,60385.5,2
2025-02-04,2919.25,3304.0,65643.6,64018.6,1
2025-02-05,2955.434846852253,3314.0,80201.29999999999,76658.0,2
2025-02-06,2982.3577369361005,3346.0,70610.8,69376.3,2
2025-02-07,2986.351186042294,3254.0,103544.29999999999,100916.3,2
2025-02-08,3019.821893276869,3515.0,76878.5,75091.5,2
2025-02-10,3066.9169000636425,3277.0,57018.1,55152.1,2
2025-02-11,3064.1373603514326,3276.0,56480.4,54792.899999999994,2
2025-02-12,3031.065835240838,3328.0,88411.0,85189.8,2
2025-02-13,2983.861599654577,3222.0,78220.1,75270.0,2
2025-02-14,2973.5517380691635,3223.0,115773.1,113317.7,2
2025-02-15,2933.3767572771794,3324.0,116799.5,111863.4,2
2025-02-17,2964.9497313025972,3198.0,111360.20000000001,109096.70000000001,2
2025-02-18,2928.2034784058496,3181.0,92983.9,85768.6,2
2025-02-19,2919.448751774209,3228.0,54666.6,51360.9,2
2025-02-20,2875.683034082559,3242.0,54658.8,47769.3,2
2025-02-21,2854.5436036276787,3112.0,61387.8,59873.0,2
2025-02-22,2835.78,3251.0,55140.5,51847.1,1
2025-02-24,2806.6502897756814,3040.0,94024.8,86163.20000000001,2
2025-02-25,2749.3008761042356,3301.0,98621.6,96650.6,2
2025-02-26,2675.730907587697,2962.0,112204.8,108857.8,2
2025-02-27,2773.280129013795,3029.0,98535.4,95392.9,2
2025-02-28,2840.031032116402,3112.0,57341.9,57064.299999999996,2
2025-03-01,2820.440598315817,3086.0,43871.4,42703.2,2
2025-03-03,2834.7890739147756,3204.0,61966.299999999996,58474.100000000006,2
2025-03-04,2791.7886775950114,3007.0,57865.8,54890.9,2
2025-03-05,2839.3311679313833,3196.0,88941.9,86976.0,2
2025-03-06,2833.1249200847346,3206.0,84098.2,79684.4,2
2025-03-07,2842.369771614926,3348.0,80836.29999999999,79418.5,2
2025-03-08,2792.3152706485243,3128.0,93856.0,91637.3,2
2025-03-10,2730.348578554313,3191.0,61376.8,57257.2,2
2025-03-11,2726.0604460402137,3081.0,54673.3,53614.0,2
2025-03-12,2624.5011450496745,3004.0,60472.3,58380.0,2
2025-03-13,2706.08,3053.0,62783.3,59417.3,1
2025-03-14,2666.3574013067746,3206.0,74129.29999999999,71152.3,2
2025-03-15,2648.275540238706,3203.0,60425.9,59680.1,2
2025-03-17,2555.361519486709,3000.0,80246.2,77008.9,2
2025-03-18,2513.1969380909522,2921.0,65547.3,64990.5,2
2025-03-19,2550.0346537455075,3140.0,57607.600000000006,57322.0,2
2025-03-20,2586.5998755116634,2893.0,41928.0,40260.8,2
2025-03-21,2675.6971455853986,2980.0,55910.7,51786.1,2
2025-03-22,2578.0655443097044,3149.0,37342.8,36003.399999999994,2
2025-03-24,2622.651600820562,3509.0,78726.5,78726.5,2
2025-03-25,2571.065564270417,3103.0,79897.5,77555.9,2
2025-03-26,2735.5457286426745,3086.0,49909.2,46398.6,2
2025-03-27,2774.4175435411967,3132.0,47810.9,47598.600000000006,2
2025-03-28,2788.9182186717776,3099.0,37264.8,35795.2,2
2025-03-29,2808.6501616551163,3310.0,58332.399999999994,55179.200000000004,2
2025-04-01,2776.2325916553364,3260.0,105151.9,103335.5,2
2025-04-02,2712.3741539759676,3299.0,93804.5,88647.6,2
2025-04-03,2720.2268489831713,3202.0,59220.3,57246.6,2
2025-04-04,2662.9535054604326,3356.0,113167.9,107106.9,2
2025-04-05,2593.4742210491972,3033.0,77992.8,73238.9,2
2025-04-07,2596.5442885030843,3122.0,121198.5,120072.2,2
2025-04-08,2579.725469003454,3006.0,66839.6,64299.1,2
2025-04-09,2550.034804822014,3344.0,96266.9,95453.9,2
2025-04-10,2519.8258111901073,3218.0,110448.79999999999,109555.7,2
2025-04-11,2478.5824130464607,2987.0,97294.7,94030.1,2
2025-04-12,2484.5338269916706,2850.0,69259.4,68155.09999999999,2
2025-04-15,2512.31,3309.0,43008.7,43008.7,1
2025-04-16,2565.425663227916,3158.0,57212.0,56764.8,2
2025-04-17,2686.44,3120.0,40726.3,40424.5,1
2025-04-19,2583.543117009667,2999.0,60563.7,55621.9,2
2025-04-21,2584.67,3238.0,56865.9,56286.0,1
2025-04-22,2576.495892868361,3265.0,151589.2,138491.3,2
2025-04-23,2509.342921684614,3108.0,86374.70000000001,84729.20000000001,2
2025-04-24,2521.104810429361,2963.0,70958.1,68897.8,2
2025-04-25,2472.8684932447645,3070.0,103207.70000000001,98138.7,2
2025-04-26,2351.5477945184243,2873.0,104484.6,98044.79999999999,2
2025-04-28,2282.754303706209,3006.0,154551.2,150496.1,2
2025-04-29,2178.575367614776,2995.0,82511.9,74024.5,2
2025-04-30,2299.88377160345,2773.0,66564.7,63456.3,2
2025-05-01,2301.3123243155683,2903.0,124169.7,120373.5,2
2025-05-02,2256.9046288175628,2903.0,108667.8,104101.1,2
2025-05-03,2194.608822115913,2618.0,84985.0,81899.4,2
2025-05-05,2191.77,2917.0,49930.4,49722.0,1
2025-05-06,2122.0525357598126,2711.0,78402.9,70994.5,2
2025-05-07,2165.657151294214,2949.0,85475.4,79496.1,2
2025-05-08,2036.7353917788244,2959.0,82088.2,79538.5,2
2025-05-09,2068.9414368095695,2630.0,62662.3,60225.1,2
2025-05-10,2050.0934620007397,2802.0,100216.29999999999,97344.0,2
2025-05-12,2075.9648793148067,2648.0,81600.5,77292.0,2
2025-05-13,2104.28,3028.0,52991.5,49949.5,1
2025-05-14,2176.0553176516796,2871.0,82200.9,78924.5,2
2025-05-15,2263.1951575930507,2793.0,39969.100000000006,39497.3,2
2025-05-16,2462.3938191274538,3223.0,58822.600000000006,57988.899999999994,2
2025-05-17,2269.5184285139885,3256.0,69660.4,61679.2,2
2025-05-19,2198.7696864783497,2695.0,53064.2,51020.399999999994,2
2025-05-20,2248.3267981337867,2882.0,85892.7,82755.8,2
2025-05-21,2144.638142343035,2713.0,100421.1,98061.7,2
2025-05-22,2146.1646631057206,2922.0,62431.3,57681.3,2
2025-05-23,2275.81,3077.0,27461.6,27316.0,1
2025-05-24,2187.4418451164443,2805.0,59100.9,57199.1,2
2025-05-26,2256.9881058996293,3041.0,108676.9,106640.6,2
2025-05-27,2214.2453926877956,3019.0,61530.700000000004,51647.899999999994,2
2025-05-28,2324.903590201885,2928.0,36913.3,36198.8,2
2025-05-29,2391.3926998323764,2975.0,75113.2,74452.4,2
2025-05-30,2361.3642738074755,3232.0,53052.0,51135.2,2
2025-05-31,2361.59,2967.0,42656.6,40146.4,1
2025-06-02,2373.102585398207,3232.0,57016.8,56541.0,2
2025-06-03,2380.9777142857142,2999.0,35411.8,34447.0,2
2025-06-04,2442.307462985897,3039.0,62244.2,60882.2,2
2025-06-05,2335.1778683085813,3064.0,48922.9,46116.899999999994,2
2025-06-07,2465.7755058470534,2969.0,30576.0,28595.6,2
2025-06-09,2424.4780967212246,3023.0,67877.2,67842.4,2
2025-06-10,2424.713468083088,2924.0,53489.6,52715.0,2
2025-06-11,2393.155803228632,2903.0,51987.7,48862.8,2
2025-06-12,2443.71,3288.0,23540.7,23251.3,1
2025-06-13,2415.2432899618425,3092.0,46372.1,45390.8,2
2025-06-14,2491.895909489548,3089.0,73155.8,70467.0,2
2025-06-16,2382.526381675909,3013.0,57116.7,55705.9,2
2025-06-17,2451.3103302963227,3016.0,42895.9,40884.5,2
2025-06-18,2491.591387954406,3097.0,67027.3,65841.5,2
2025-06-19,2517.953457902836,3112.0,46523.3,45035.1,2
2025-06-20,2450.77,2987.0,36447.3,33271.8,1
2025-06-21,2515.3728367250774,3149.0,57800.4,54539.3,2
2025-06-23,2496.031102882771,2994.0,50388.8,49098.6,2
2025-06-24,2595.251454382937,3092.0,74348.1,72719.5,2
2025-06-25,2509.9940627739525,3103.0,53711.399999999994,52814.899999999994,2
2025-06-26,2620.495525702132,3205.0,39433.2,39024.0,2
2025-06-27,2679.898723478135,3190.0,66708.8,65950.29999999999,2
2025-06-28,2673.655952061986,3329.0,54385.399999999994,52476.100000000006,2
2025-06-30,2550.1802389294207,3076.0,66807.40000000001,63763.6,2
2025-07-01,2593.56,3152.0,34641.0,34356.9,1
2025-07-02,2501.7021668366065,3368.0,68372.6,62473.1,2
2025-07-03,2523.810572795357,3088.0,70983.35,68544.55,2
2025-07-04,2455.2837535973263,3085.0,58984.0,58168.2,2
2025-07-05,2486.477211826838,2966.0,46058.7,45746.799999999996,2
2025-07-07,2470.659603850467,3168.0,103479.2,98263.4,2
2025-07-08,2459.733560185575,3100.0,70328.9,68931.8,2
2025-07-09,2483.4153397535842,3056.0,49123.4,47204.799999999996,2
2025-07-10,2590.090302768445,3212.0,62377.5,62027.6,2
2025-07-11,2563.521657934862,3230.0,58366.3,56861.100000000006,2
2025-07-12,2614.7808847446872,3367.0,85088.8,84149.70000000001,2
2025-07-14,2569.6800488040167,3294.0,62022.3,59708.2,2
2025-07-15,2622.7618086669113,3156.0,56143.5,54460.0,2
2025-07-16,2635.4892561331785,3265.0,93036.5,90801.20000000001,2
2025-07-17,2615.817272406011,3111.0,81502.2,79798.9,2
2025-07-18,2580.065878548918,3101.0,66222.2,64065.3,2
2025-07-19,2646.9315078225827,3254.0,95869.70000000001,95301.0,2
2025-07-21,2611.2453517722556,3157.0,93728.8,92015.5,2
2025-07-22,2663.7764801085864,3228.0,58966.3,58055.2,2
2025-07-23,2678.7864387201043,3289.0,107555.9,105805.5,2
2025-07-24,2668.911630114484,3203.0,57420.899999999994,55824.3,2
2025-07-25,2737.912576355422,3540.0,91069.4,90222.8,2
2025-07-26,2726.0774678321527,3254.0,67733.4,67668.5,2
2025-07-28,2745.104259576036,3304.0,116348.1,115632.40000000001,2
2025-07-29,2743.2575464023585,3137.0,97826.29999999999,94677.29999999999,2
2025-07-30,2714.422444191224,3456.0,107617.7,105924.2,2
2025-07-31,2667.861869023103,3350.0,82391.79999999999,80121.0,2
2025-08-01,2748.2222499186305,3220.0,102764.7,100775.20000000001,2
2025-08-02,2673.896170802362,3412.0,140342.3,136768.6,2
2025-08-04,2578.312498514933,2949.0,111141.1,105214.1,2
2025-08-05,2547.5218906198097,3021.0,88440.5,87301.0,2
2025-08-06,2572.418932284079,3140.0,135144.3,132144.7,2
2025-08-07,2543.80482171008,3184.0,109839.4,106949.4,2
2025-08-08,2599.144009467294,3176.0,138801.8,137272.59999999998,2
2025-08-09,2532.5285746224636,3116.0,98021.3,96970.8,2
2025-08-11,2468.724463836179,2942.0,88777.9,84491.9,2
2025-08-12,2458.3601463400873,3041.0,141244.8,134713.6,2
2025-08-13,2422.66119569826,2856.0,130706.3,128775.8,2
2025-08-14,2384.502598875847,3102.0,96343.09999999999,93670.5,2
2025-08-16,2420.4382048257708,2916.0,143279.2,140823.1,2
2025-08-18,2438.3468721828385,2972.0,157813.3,153700.8,2
2025-08-19,2430.613662839218,3152.0,155995.0,152538.5,2
2025-08-20,2414.695454158969,3150.0,113345.59999999999,109612.5,2
2025-08-21,2478.652080903822,2963.0,80434.0,79697.1,2
2025-08-22,2497.4955663627275,3200.0,136123.3,134807.59999999998,2
2025-08-23,2515.3736337383666,3306.0,139851.4,137544.3,2
2025-08-25,2524.202973426344,2958.0,110917.0,107542.6,2
2025-08-26,2592.5882040848487,2980.0,163431.0,162444.2,2
2025-08-28,2495.744552871324,2934.0,178475.4,176185.3,2
2025-08-29,2492.3774311024413,3099.0,131210.4,123756.20000000001,2
2025-08-30,2473.6850892625203,3217.0,186906.0,183621.3,2
2025-09-01,2494.952352811389,2856.0,75897.4,74329.8,2
2025-09-02,2502.296090789246,3092.0,185903.7,183874.2,2
2025-09-03,2511.2464533165453,2924.0,162400.7,161229.5,2
2025-09-04,2496.6568303763097,2876.0,135926.30000000002,133461.9,2
2025-09-06,2584.509826036256,2914.0,131506.1,131205.5,2
2025-09-08,2547.0144161862086,2938.0,150570.2,145711.7,2
2025-09-09,2607.029586607735,3251.0,89339.3,88056.8,2
2025-09-10,2560.96719850663,3235.0,185146.3,183906.2,2
2025-09-11,2544.862721370964,2909.0,81645.5,81239.2,2
2025-09-12,2569.9530059877943,3255.0,190176.3,187498.09999999998,2
2025-09-13,2543.298197120003,2998.0,191380.8,187375.2,2
2025-09-15,2501.566713573817,2960.0,149239.7,147774.2,2
2025-09-16,2567.842845730877,3407.0,208447.59999999998,204997.59999999998,2
2025-09-17,2537.603142288755,2998.0,186295.0,184129.8,2
2025-09-18,2544.5804668703395,3002.0,124782.7,117574.4,2
2025-09-19,2539.06857373198,3403.0,182888.3,181594.2,2
2025-09-20,2528.705746727253,3143.0,131779.0,129776.29999999999,2
2025-09-22,2488.949558473605,2831.0,195800.09999999998,190629.6,2
2025-09-23,2461.1550122229255,2794.0,129510.0,122679.3,2
2025-09-24,2425.1059606855665,2958.0,202372.1,198644.59999999998,2
2025-09-25,2412.229186080211,2738.0,205952.6,194606.40000000002,2
2025-09-26,2397.2020815951537,3048.0,229496.7,227704.7,2
2025-09-27,2365.28935789023,3034.0,214898.3,209266.4,2
2025-09-29,2383.228430409267,2943.0,69114.4,67579.4,2
2025-09-30,2401.2966494403568,2837.0,165149.2,164980.2,2
2025-10-01,2465.336114259951,3195.0,158011.0,155260.0,2
2025-10-03,2412.06021445797,2859.0,177883.1,168727.7,2
2025-10-04,2379.941550113153,2781.0,110489.6,104990.4,2
2025-10-06,2390.7891467352183,3373.0,174416.5,160462.5,2
2025-10-07,2369.093556036478,2805.0,155981.9,149065.4,2
2025-10-08,2421.2890753382117,3203.0,123690.9,120767.4,2
2025-10-09,2402.4715734320484,3263.0,165709.90000000002,163487.2,2
2025-10-10,2426.94274968572,2794.0,126229.5,122104.5,2
2025-10-11,2475.305422032448,2825.0,154465.90000000002,152649.40000000002,2
2025-10-13,2513.0980074174745,3349.0,148275.0,147597.40000000002,2
2025-10-14,2489.1546635613377,3226.0,189761.3,188600.5,2
2025-10-15,2448.101127981368,2895.0,202913.40000000002,198449.2,2
2025-10-16,2484.986381674603,3301.0,256321.7,252619.9,2
2025-10-17,2475.8406498365002,2956.0,209141.2,204648.4,2
2025-10-18,2529.430844576831,2875.0,77264.0,76644.29999999999,2
2025-10-21,2647.872922544879,3218.0,95814.3,95423.0,2
2025-10-22,2537.1854746047493,3142.0,237087.0,216875.2,2
2025-10-23,2459.033942689594,2814.0,200676.4,191022.9,2
2025-10-24,2450.896461677048,2778.0,136754.6,134767.8,2
2025-10-27,2493.867507938256,3049.0,186741.5,185242.2,2
2025-10-28,2471.924005882721,2736.0,179351.8,175769.0,2
2025-10-29,2497.4375788933644,3234.0,124194.0,123578.20000000001,2
2025-10-30,2483.543678663698,3069.0,191946.7,188424.4,2
2025-10-31,2502.0502701197665,2820.0,126474.0,124985.3,2
2025-11-01,2526.3561575837666,3300.0,231906.8,225812.59999999998,2
2025-11-03,2475.658365739339,2820.0,139011.4,137078.5,2
2025-11-04,2486.4487056562666,2783.0,217950.6,216002.90000000002,2
2025-11-06,2498.660243915359,3208.0,217510.4,213319.9,2
2025-11-07,2505.6015246512497,3341.0,141405.9,140007.1,2
2025-11-08,2486.451706222295,3208.0,214652.1,209932.2,2
2025-11-10,2478.3775350118653,2790.0,172963.1,167543.2,2
2025-11-11,2449.5632501953573,3011.0,189529.9,180182.40000000002,2
2025-11-12,2439.371407504217,2759.0,133748.8,133748.8,2
2025-11-13,2457.278848805434,3019.0,233024.6,229296.59999999998,2
2025-11-14,2430.7818335567836,2736.0,203993.6,196837.09999999998,2
2025-11-15,2401.1706290674856,2746.0,147950.7,144315.2,2
2025-11-17,2413.0898642184325,3150.0,178561.8,176666.1,2
2025-11-18,2450.472758369151,3201.0,199958.6,198365.4,2
2025-11-19,2449.98776086126,2889.0,156806.5,154963.6,2
2025-11-20,2490.110800537159,2912.0,113888.8,113039.1,2
2025-11-21,2508.148135708025,3309.0,203666.8,197830.6,2
2025-11-22,2444.207676938813,2778.0,124343.70000000001,120643.4,2
2025-11-24,2436.0410198866552,2771.0,207975.7,199656.5,2
2025-11-25,2395.3196792050194,2880.0,183876.7,174977.8,2
2025-11-26,2389.6043959451895,3156.0,144926.4,138235.8,2
2025-11-27,2383.8177898562894,3176.0,210303.40000000002,199491.1,2
2025-11-28,2377.670367354507,2967.0,165273.59999999998,160705.8,2
2025-11-29,2417.1118503399957,3153.0,100434.4,97207.0,2
2025-12-01,2406.8476217682987,2749.0,65302.3,65302.3,2
2025-12-02,2378.8837738910142,3182.0,179466.59999999998,176284.9,2
2025-12-03,2394.7840427273927,2760.0,126309.8,124458.8,2
2025-12-04,2416.056846432734,3102.0,104818.9,97309.79999999999,2
2025-12-05,2378.6786277988786,3184.0,168502.2,167504.59999999998,2
2025-12-06,2399.1665959811608,2749.0,157845.2,154572.0,2
2025-12-08,2364.921248969071,2990.0,107188.29999999999,101486.1,2
2025-12-10,2398.5314192159763,2812.0,117144.5,116662.29999999999,2
2025-12-11,2402.2784532592996,3302.0,187199.8,183231.09999999998,2
2025-12-12,2383.7571238344476,2852.0,101091.5,99963.3,2
2025-12-13,2390.036203355987,2920.0,160249.1,158653.8,2
2025-12-15,2428.419578355753,2868.0,128786.4,127287.4,2
2025-12-16,2454.958529787122,3291.0,119779.9,117691.79999999999,2
2025-12-17,2428.224622442231,3488.0,165003.5,163892.8,2
2025-12-18,2431.2289994961475,3028.0,177166.4,175646.5,2
2025-12-19,2445.4249816870024,3454.0,130418.6,126904.4,2
2025-12-20,2433.199545344314,2818.0,121003.9,120407.6,2
2025-12-22,2479.35703672064,3264.0,222304.09999999998,206491.5,2
2025-12-23,2430.832822203749,2801.0,190202.6,186818.9,2
2025-12-24,2410.4439935589257,2856.0,127922.9,107435.5,2
2025-12-26,2428.280989688604,3218.0,173385.40000000002,169404.8,2
2025-12-27,2465.5351278044654,3395.0,183632.0,181046.1,2
2025-12-29,2425.92076988269,2945.0,93369.6,88849.9,2
2025-12-30,2456.515907094156,3038.0,105862.2,105056.9,2
2025-12-31,2478.307499736684,3502.0,187948.3,184189.4,2
2026-01-01,2454.1327819510916,3212.0,83919.4,83200.6,2
2026-01-02,2463.6017546549074,3002.0,181497.9,179976.7,2
2026-01-03,2516.212062691197,3326.0,139597.6,138698.9,2
2026-01-05,2542.0093213023506,3413.0,131139.8,129421.4,2
2026-01-06,2507.8516354673375,3443.0,182402.7,180783.8,2
2026-01-07,2521.512572071779,3076.0,169925.4,168797.0,2
2026-01-08,2527.10046274264,2978.0,135016.5,130826.5,2
2026-01-09,2547.428845918531,2956.0,118588.1,118171.9,2
2026-01-10,2564.4201577846734,3337.0,253688.4,251672.1,2
2026-01-12,2527.0852413667585,3177.0,218985.3,215394.2,2
2026-01-13,2477.531087828976,3000.0,139585.30000000002,122144.2,2
2026-01-14,2466.641435031077,3369.0,195509.3,184994.59999999998,2
2026-01-16,2477.7684205347045,3358.0,216795.0,204153.90000000002,2
2026-01-17,2429.280314859346,2980.0,88742.9,83961.29999999999,2
2026-01-19,2479.01026599143,3379.0,112578.7,108939.6,2
2026-01-20,2498.6947700049845,3310.0,142234.40000000002,136833.4,2
2026-01-21,2462.6194667723894,2989.0,67009.1,65958.70000000001,2
2026-01-22,2464.8075059170174,2964.0,156914.8,153878.2,2
2026-01-23,2545.612315821677,3222.0,117661.2,116368.2,2
2026-01-24,2542.4329427573957,3458.0,112947.09999999999,111624.9,2
2026-01-27,2449.06425528303,3212.0,172532.2,164351.7,2
2026-01-28,2447.9492967112724,3084.0,160587.5,155412.7,2
2026-01-29,2469.698298643108,2914.0,113992.2,107215.6,2
2026-01-30,2438.4308400028913,2947.0,87149.70000000001,87149.70000000001,2
2026-01-31,2470.7758542712363,3338.0,206181.2,187853.1,2
2026-02-02,2451.2422714650675,2830.0,168688.3,162954.3,2
2026-02-03,2423.726530089086,2929.0,101554.29999999999,99162.20000000001,2
2026-02-04,2477.5240086624967,3285.0,145475.09999999998,143515.2,2
2026-02-05,2483.917808935394,3332.0,146280.7,145685.8,2
2026-02-06,2488.8076282286183,2905.0,85258.9,82686.3,2
2026-02-07,2528.394912800252,3129.0,115315.7,115315.7,2
2026-02-09,2512.900468412149,3244.0,184859.6,180183.2,2
2026-02-10,2473.551805477668,2936.0,91015.4,88446.4,2
2026-02-11,2451.951895068681,2946.0,164543.40000000002,152261.5,2
2026-02-12,2500.7253644950474,3154.0,158607.4,156688.0,2
2026-02-13,2476.181150176196,3310.0,88531.09999999999,85643.4,2
2026-02-14,2448.5022895912,3249.0,152207.0,146744.09999999998,2
2026-02-16,2423.197551230482,3054.0,144195.5,136686.2,2
2026-02-17,2432.3972516444396,2924.0,87999.29999999999,81380.3,2
2026-02-18,2419.6047469767477,2899.0,76559.5,75919.9,2
2026-02-19,2444.3646932720244,3294.0,175521.4,168414.7,2
2026-02-20,2446.4926108404525,3100.0,135818.5,134014.7,2
2026-02-21,2414.5292099043972,2893.0,92153.0,87759.0,2
2026-02-23,2457.2296978121376,3252.0,121235.4,118019.29999999999,2
2026-02-24,2448.417062753902,3059.0,133204.0,130192.70000000001,2
2026-02-25,2417.521823246092,2900.0,99753.9,93866.1,2
2026-02-26,2404.0936208825487,3300.0,124241.5,121649.9,2
2026-02-27,2414.8476350173555,3290.0,170772.4,163440.09999999998,2
2026-02-28,2361.398870504438,2780.0,83145.0,78677.6,2
2026-03-02,2294.232426342691,2801.0,150002.7,145739.1,2
2026-03-03,2337.6648139521494,2817.0,142297.0,140649.3,2
2026-03-04,2287.5787514127373,2822.0,81835.6,80694.4,2
2026-03-05,2278.5574246457372,2892.0,152959.0,151885.90000000002,2
2026-03-06,2313.5814200145633,2798.0,127031.4,124010.7,2
2026-03-07,2319.48324006738,2825.0,71374.8,68506.6,2
2026-03-09,2359.12,2699.0,29684.5,29684.5,1
2026-03-10,2340.9762823063606,3125.0,112621.9,110926.29999999999,2
2026-03-11,2323.4285712945693,2864.0,101698.9,100211.70000000001,2
2026-03-12,2292.271296942333,2811.0,91597.6,88459.6,2
2026-03-13,2255.8530422268805,2972.0,134254.4,131958.6,2
2026-03-14,2235.1257564176176,3301.0,125744.7,123133.70000000001,2
2026-03-16,2161.031840706448,2674.0,85000.9,79371.70000000001,2
2026-03-17,2122.8486534302124,2655.0,107798.6,106015.29999999999,2
2026-03-18,2185.0346261121285,3138.0,129859.8,128368.70000000001,2
2026-03-19,2176.1224000564216,2848.0,69233.29999999999,67350.5,2
2026-03-20,2232.5846665308827,2890.0,124668.20000000001,122744.5,2
2026-03-23,2299.9677481389285,3014.0,107629.5,106215.70000000001,2
2026-03-24,2326.519672552179,3292.0,81489.7,80247.9,2
2026-03-25,2315.576810898819,3210.0,119925.0,119337.7,2
2026-03-26,2346.8251566720874,3024.0,103156.3,102874.1,2
2026-03-27,2337.402295893519,2758.0,80240.29999999999,77406.9,2
2026-03-28,2312.1863229480723,2901.0,68854.0,67794.8,2
2026-03-30,2355.471610648117,3263.0,160350.8,157849.5,2
2026-03-31,2391.5723336831875,3114.0,112576.8,110808.1,2
2026-04-01,2357.119879422937,3103.0,88622.4,85737.7,2
2026-04-02,2455.7132834055496,3549.0,125694.79999999999,124786.9,2
2026-04-04,2519.5666957218073,3443.0,112944.8,112888.8,2
2026-04-06,2468.9599637815,3294.0,71415.4,67948.7,2
2026-04-07,2463.4895809773566,3438.0,111664.0,111118.1,2
2026-04-08,2531.86382380618,3486.0,179529.5,167479.2,2
2026-04-10,2490.052422861785,3080.0,76745.2,72869.2,2
2026-04-11,2515.256017408655,3103.0,166089.2,159070.3,2
2026-04-13,2602.672409438821,3501.0,183995.40000000002,162867.8,2
2026-04-15,2665.3500145195635,4000.0,142552.8,140224.6,2
2026-04-16,2687.4234163001943,3718.0,171043.3,168589.4,2
2026-04-17,2728.8733928746083,3401.0,144732.4,144163.3,2
2026-04-18,2739.533481609078,4102.0,117519.8,108675.9,2
2026-04-20,2774.800591979083,3400.0,86770.29999999999,83683.7,2
2026-04-21,2754.4192235662163,3787.0,220437.5,197801.8,2
2026-04-22,2657.1030691609044,6024.0,185069.5,177101.5,2
2026-04-24,2696.024039535235,3272.0,83227.9,72897.0,2
2026-04-25,2663.4247474083063,3742.0,167300.0,157503.2,2
2026-04-27,2580.5253793225006,6103.0,156362.2,150347.0,2
2026-04-28,2545.2095678691558,3303.0,74486.7,70043.6,2
2026-04-29,2602.7372767285447,3270.0,103573.1,102217.5,2
2026-04-30,2660.2869020382514,3939.0,129911.1,124430.2,2
2026-05-02,2636.4178978134446,3468.0,58559.5,56111.100000000006,2
2026-05-04,2620.8837927099585,3247.0,133302.3,131011.6,2
2026-05-05,2640.237081654064,3410.0,116402.3,106469.9,2
2026-05-06,2593.4770493142655,3640.0,114894.2,111624.9,2
2026-05-07,2461.1760093155062,3728.0,152824.2,131479.7,2
2026-05-08,2466.4537533591906,3468.0,104571.6,99391.5,2
2026-05-09,2529.242254814337,3389.0,127583.40000000001,122067.7,2
2026-05-11,2519.0218680152075,3554.0,154187.5,151373.5,2
2026-05-12,2452.090645673462,3247.0,71387.5,65691.1,2
2026-05-13,2463.4245622128037,3128.0,127330.70000000001,123282.5,2
2026-05-14,2535.4004686251787,3282.0,108778.5,106652.4,2
2026-05-15,2497.4856641440847,3459.0,90942.5,90013.6,2
2026-05-16,2442.9470449280734,3492.0,121718.20000000001,113879.8,2
2026-05-18,2434.90459798551,3217.0,99022.7,93939.4,2
2026-05-19,2404.514437481559,3313.0,117679.2,116586.40000000001,2
2026-05-20,2454.3027824814144,3314.0,141626.40000000002,135202.7,2
2026-05-21,2388.4969645887645,3084.0,59335.5,57157.0,2
2026-05-22,2460.1855021991437,3302.0,113206.6,107382.70000000001,2
2026-05-23,2553.918759198959,3378.0,83304.6,82672.4,2
2026-05-25,2571.4029289943624,3452.0,75360.0,74226.5,2
2026-05-26,2549.0128202122273,3601.0,114796.5,113962.70000000001,2
2026-05-27,2615.507529649119,3290.0,72340.2,70086.4,2
2026-05-29,2621.275845587618,3264.0,124285.4,119060.4,2
2026-05-30,2629.494845261181,3343.0,181953.40000000002,163675.8,2
2026-06-01,2584.69,3200.0,51362.0,46203.7,1
2026-06-02,2548.737560687902,3345.0,129253.5,123261.79999999999,2
2026-06-03,2550.3603466824834,3402.0,125436.6,121728.09999999999,2
2026-06-04,2518.603808966375,3511.0,86496.5,84058.5,2
2026-06-05,2488.89,3212.0,44525.1,40537.5,1
2026-06-06,2511.154266533187,3342.0,91270.29999999999,84108.1,2
2026-06-08,2509.973943138166,3290.0,109314.5,108684.5,2
2026-06-09,2573.2311885065396,3667.0,128981.1,125560.1,2
2026-06-10,2566.29744161407,3217.0,47466.0,46248.3,2
2026-06-11,2624.349951811702,3402.0,107470.0,105585.79999999999,2
2026-06-12,2678.119135651683,3440.0,86571.6,82857.79999999999,2
2026-06-13,2662.8088892322253,3489.0,76747.7,76051.0,2
2026-06-15,2652.196655309105,3541.0,132352.8,130573.8,2
2026-06-16,2716.811886018159,3499.0,73404.7,71909.7,2
2026-06-17,2795.8985224410408,3473.0,120739.0,119896.4,2
2026-06-18,2808.161465945294,4021.0,114757.6,111491.2,2
2026-06-19,2762.61,3466.0,39549.4,38645.3,1
2026-06-20,2847.9316723612424,3556.0,117796.6,114963.2,2
2026-06-22,2946.581234236174,4207.0,97398.0,93338.7,2
2026-06-23,2904.610994486098,3819.0,70158.5,66540.9,2
2026-06-24,2798.005225010855,3933.0,125420.0,122294.1,2
2026-06-25,2789.611055922515,3587.0,76172.4,69505.1,2
2026-06-27,2874.5218925875347,3673.0,128727.5,126890.3,2
2026-06-29,2907.0346492048648,4022.0,124927.29999999999,118231.4,2
2026-06-30,2852.9801098231815,3673.0,48219.2,46301.7,2
2026-07-01,2849.0450309803787,3650.0,123440.4,115799.1,2
2026-07-02,2986.0841715439824,3895.0,103037.9,101797.8,2
2026-07-03,2871.3773620989177,3804.0,75741.09999999999,74083.90000000001,2
2026-07-04,2764.7307105187856,3814.0,148302.0,140830.9,2
2026-07-06,2858.5751205745,3725.0,76571.0,73079.29999999999,2
2026-07-07,2831.2455612741746,3751.0,130471.70000000001,123534.1,2
2026-07-08,2818.3240710713353,4610.0,122464.7,116609.6,2
2026-07-09,2726.0,3718.0,32590.8,30156.1,1
2026-07-10,2751.663091680357,3698.0,110472.0,104574.2,2
2026-07-11,2785.8286206743765,3810.0,94781.5,90276.0,2
2026-07-13,2768.9852841979114,3785.0,57470.5,56073.6,2
2026-07-14,2790.033631289549,3980.0,117356.79999999999,115757.5,2
2026-07-15,2841.360516097289,3774.0,70412.5,67272.2,2
2026-07-16,2878.472730771464,3795.0,117605.2,117133.2,2
2026-07-17,3034.7962677027067,4567.0,90971.3,89739.1,2
2026-07-18,3016.168096195739,4009.0,45600.399999999994,45399.100000000006,2
2026-07-20,3126.19619461407,4137.0,115435.0,113354.6,2
2026-07-21,3301.2675601767387,4883.0,112965.1,103316.5,2
2026-07-22,3319.5668882852383,4456.0,67210.7,66521.2,2
2026-07-23,3199.0352632510517,4680.0,140670.2,137289.1,2
2026-07-24,3137.4111213951446,4520.0,94946.0,90582.7,2
2026-07-25,3182.2236683109627,4503.0,142637.8,138924.7,2
2026-07-27,3227.8055041165817,5028.0,145194.40000000002,130545.2,2
2026-07-28,3160.4314452505882,4514.0,52729.6,47510.1,2
2026-07-29,3232.61,4260.0,57099.8,54833.0,1
